#
# There is insufficient memory for the Java Runtime Environment to continue.
# Native memory allocation (mmap) failed to map 65536 bytes for Failed to commit metaspace.
# Possible reasons:
#   The system is out of physical RAM or swap space
#   The process is running with CompressedOops enabled, and the Java Heap may be blocking the growth of the native heap
# Possible solutions:
#   Reduce memory load on the system
#   Increase physical memory or swap space
#   Check if swap backing store is full
#   Decrease Java heap size (-Xmx/-Xms)
#   Decrease number of Java threads
#   Decrease Java thread stack sizes (-Xss)
#   Set larger code cache with -XX:ReservedCodeCacheSize=
#   JVM is running with Zero Based Compressed Oops mode in which the Java heap is
#     placed in the first 32GB address space. The Java Heap base address is the
#     maximum limit for the native heap growth. Please use -XX:HeapBaseMinAddress
#     to set the Java Heap base and to place the Java Heap above 32GB virtual address.
# This output file may be truncated or incomplete.
#
#  Out of Memory Error (virtualSpaceNode.cpp:110), pid=15704, tid=12440
#
# JRE version: Java(TM) SE Runtime Environment (17.0.12+8) (build 17.0.12+8-LTS-286)
# Java VM: Java HotSpot(TM) 64-Bit Server VM (17.0.12+8-LTS-286, mixed mode, emulated-client, sharing, tiered, compressed oops, compressed class ptrs, g1 gc, windows-amd64)
# No core dump will be written. Minidumps are not enabled by default on client versions of Windows
#

---------------  S U M M A R Y ------------

Command Line: -Dfile.encoding-UTF8 -XX:+ShowCodeDetailsInExceptionMessages -agentlib:jdwp=transport=dt_socket,suspend=y,address=localhost:53444 -Dcom.sun.management.jmxremote -Dcom.sun.management.jmxremote.port=53443 -Dcom.sun.management.jmxremote.authenticate=false -Dcom.sun.management.jmxremote.ssl=false -Djava.rmi.server.hostname=localhost -Dspring.jmx.enabled=true -Dmanagement.endpoints.jmx.exposure.include=* -Dspring.application.admin.enabled=true -Xms1g -Xmx4g -XX:MaxMetaspaceSize=1024m -Dspring.output.ansi.enabled=always -XX:TieredStopAtLevel=1 -Dspring.boot.project.name=asm_gstn_return_db_store6_pre -javaagent:D:\Project\sts-5.0.1.RELEASE\configuration\org.eclipse.osgi\280\0\.cp\lib\javaagent-shaded.jar -Dfile.encoding=UTF-8 -Dstdout.encoding=UTF-8 -Dstderr.encoding=UTF-8 com.deloitte.AsmEwayBillApplication

Host: 13th Gen Intel(R) Core(TM) i5-13500, 20 cores, 15G,  Windows 11 , 64 bit Build 22621 (10.0.22621.3672)
Time: Fri Jun 19 15:33:57 2026 India Standard Time elapsed time: 7.033167 seconds (0d 0h 0m 7s)

---------------  T H R E A D  ---------------

Current thread (0x000001173e1acc90):  JavaThread "main" [_thread_in_vm, id=12440, stack(0x0000000e8e000000,0x0000000e8e100000)]

Stack: [0x0000000e8e000000,0x0000000e8e100000]
Native frames: (J=compiled Java code, j=interpreted, Vv=VM code, C=native code)
V  [jvm.dll+0x67a04a]
V  [jvm.dll+0x7da4ed]
V  [jvm.dll+0x7dbe33]
V  [jvm.dll+0x7dc4a3]
V  [jvm.dll+0x24508f]
V  [jvm.dll+0x7d60bb]
V  [jvm.dll+0x6206c6]
V  [jvm.dll+0x1bed07]
V  [jvm.dll+0x623022]
V  [jvm.dll+0x621086]
V  [jvm.dll+0x62af77]
V  [jvm.dll+0x1e84b2]
V  [jvm.dll+0x1e89d5]
V  [jvm.dll+0x1e931b]
V  [jvm.dll+0x1dea41]
V  [jvm.dll+0x53f78c]
V  [jvm.dll+0x7553b8]
V  [jvm.dll+0x7554a4]
V  [jvm.dll+0x40d759]
V  [jvm.dll+0x421cac]
C  [java.dll+0x1657]

Java frames: (J=compiled Java code, j=interpreted, Vv=VM code)
J 1671  java.lang.ClassLoader.defineClass0(Ljava/lang/ClassLoader;Ljava/lang/Class;Ljava/lang/String;[BIILjava/security/ProtectionDomain;ZILjava/lang/Object;)Ljava/lang/Class; java.base@17.0.12 (0 bytes) @ 0x0000011745fd3811 [0x0000011745fd3720+0x00000000000000f1]
J 1670 c1 java.lang.System$2.defineClass(Ljava/lang/ClassLoader;Ljava/lang/Class;Ljava/lang/String;[BLjava/security/ProtectionDomain;ZILjava/lang/Object;)Ljava/lang/Class; java.base@17.0.12 (21 bytes) @ 0x0000011745fd863c [0x0000011745fd85a0+0x000000000000009c]
J 1669 c1 java.lang.invoke.MethodHandles$Lookup$ClassDefiner.defineClass(ZLjava/lang/Object;)Ljava/lang/Class; java.base@17.0.12 (97 bytes) @ 0x0000011745fd8dbc [0x0000011745fd8a00+0x00000000000003bc]
J 8742 c1 java.lang.invoke.MethodHandles$Lookup.defineClass([B)Ljava/lang/Class; java.base@17.0.12 (40 bytes) @ 0x0000011746c69a7c [0x0000011746c69900+0x000000000000017c]
J 8885 c1 jdk.internal.reflect.GeneratedMethodAccessor32.invoke(Ljava/lang/Object;[Ljava/lang/Object;)Ljava/lang/Object; java.base@17.0.12 (65 bytes) @ 0x0000011746cac304 [0x0000011746cac220+0x00000000000000e4]
J 4698 c1 jdk.internal.reflect.DelegatingMethodAccessorImpl.invoke(Ljava/lang/Object;[Ljava/lang/Object;)Ljava/lang/Object; java.base@17.0.12 (10 bytes) @ 0x0000011746582f84 [0x0000011746582f20+0x0000000000000064]
J 7573 c1 net.bytebuddy.utility.dispatcher.JavaDispatcher$Dispatcher$ForNonStaticMethod.invoke([Ljava/lang/Object;)Ljava/lang/Object; (47 bytes) @ 0x0000011746ab2194 [0x0000011746ab1ee0+0x00000000000002b4]
J 7493 c1 net.bytebuddy.utility.dispatcher.JavaDispatcher$ProxiedInvocationHandler.invoke(Ljava/lang/Object;Ljava/lang/reflect/Method;[Ljava/lang/Object;)Ljava/lang/Object; (305 bytes) @ 0x0000011746a9130c [0x0000011746a90600+0x0000000000000d0c]
J 9058 c1 jdk.proxy2.$Proxy150.defineClass(Ljava/lang/Object;[B)Ljava/lang/Class; jdk.proxy2 (40 bytes) @ 0x0000011746d06c0c [0x0000011746d069e0+0x000000000000022c]
J 8995 c1 net.bytebuddy.dynamic.loading.ClassInjector$UsingLookup.injectRaw(Ljava/util/Set;Lnet/bytebuddy/dynamic/ClassFileLocator;)Ljava/util/Map; (197 bytes) @ 0x0000011746cde3d4 [0x0000011746cddf40+0x0000000000000494]
J 8992 c1 net.bytebuddy.dynamic.loading.ClassInjector$AbstractBase.inject(Ljava/util/Map;)Ljava/util/Map; (151 bytes) @ 0x0000011746cd2d44 [0x0000011746cd2940+0x0000000000000404]
J 8989 c1 net.bytebuddy.dynamic.TypeResolutionStrategy$Passive.initialize(Lnet/bytebuddy/dynamic/DynamicType;Ljava/lang/ClassLoader;Lnet/bytebuddy/dynamic/loading/ClassLoadingStrategy;)Ljava/util/Map; (100 bytes) @ 0x0000011746cd1d74 [0x0000011746cd1c60+0x0000000000000114]
J 8988 c1 net.bytebuddy.dynamic.DynamicType$Default$Unloaded.load(Ljava/lang/ClassLoader;Lnet/bytebuddy/dynamic/loading/ClassLoadingStrategy;)Lnet/bytebuddy/dynamic/DynamicType$Loaded; (36 bytes) @ 0x0000011746cef17c [0x0000011746cef040+0x000000000000013c]
j  org.hibernate.bytecode.internal.bytebuddy.ByteBuddyState.load(Ljava/lang/Class;Ljava/lang/String;Ljava/util/function/BiFunction;)Ljava/lang/Class;+63
j  org.hibernate.bytecode.internal.bytebuddy.ByteBuddyState.loadProxy(Ljava/lang/Class;Ljava/lang/String;Ljava/util/function/BiFunction;)Ljava/lang/Class;+4
j  org.hibernate.proxy.pojo.bytebuddy.ByteBuddyProxyHelper.buildProxy(Ljava/lang/Class;[Ljava/lang/Class;)Ljava/lang/Class;+32
j  org.hibernate.proxy.pojo.bytebuddy.ByteBuddyProxyFactory.postInstantiate(Ljava/lang/String;Ljava/lang/Class;Ljava/util/Set;Ljava/lang/reflect/Method;Ljava/lang/reflect/Method;Lorg/hibernate/type/CompositeType;)V+55
j  org.hibernate.metamodel.internal.EntityRepresentationStrategyPojoStandard.instantiateProxyFactory(Lorg/hibernate/mapping/PersistentClass;Lorg/hibernate/bytecode/spi/BytecodeProvider;Lorg/hibernate/metamodel/spi/RuntimeModelCreationContext;Ljava/lang/reflect/Method;Ljava/lang/reflect/Method;Ljava/lang/Class;Ljava/util/Set;)Lorg/hibernate/proxy/ProxyFactory;+59
J 9135 c1 org.hibernate.metamodel.internal.EntityRepresentationStrategyPojoStandard.createProxyFactory(Lorg/hibernate/mapping/PersistentClass;Lorg/hibernate/bytecode/spi/BytecodeProvider;Lorg/hibernate/metamodel/spi/RuntimeModelCreationContext;)Lorg/hibernate/proxy/ProxyFactory; (268 bytes) @ 0x0000011746d3cce4 [0x0000011746d3c300+0x00000000000009e4]
j  org.hibernate.metamodel.internal.EntityRepresentationStrategyPojoStandard.resolveProxyFactory(Lorg/hibernate/mapping/PersistentClass;Lorg/hibernate/persister/entity/EntityPersister;Lorg/hibernate/type/descriptor/java/JavaType;Lorg/hibernate/bytecode/spi/BytecodeProvider;Lorg/hibernate/metamodel/spi/RuntimeModelCreationContext;)Lorg/hibernate/proxy/ProxyFactory;+68
j  org.hibernate.metamodel.internal.EntityRepresentationStrategyPojoStandard.<init>(Lorg/hibernate/mapping/PersistentClass;Lorg/hibernate/persister/entity/EntityPersister;Lorg/hibernate/metamodel/spi/RuntimeModelCreationContext;)V+236
J 8744 c1 org.hibernate.persister.entity.AbstractEntityPersister.<init>(Lorg/hibernate/mapping/PersistentClass;Lorg/hibernate/cache/spi/access/EntityDataAccess;Lorg/hibernate/cache/spi/access/NaturalIdDataAccess;Lorg/hibernate/metamodel/spi/RuntimeModelCreationContext;)V (2196 bytes) @ 0x0000011746c6c8a4 [0x0000011746c6bc20+0x0000000000000c84]
J 8906 c1 org.hibernate.persister.entity.SingleTableEntityPersister.<init>(Lorg/hibernate/mapping/PersistentClass;Lorg/hibernate/cache/spi/access/EntityDataAccess;Lorg/hibernate/cache/spi/access/NaturalIdDataAccess;Lorg/hibernate/metamodel/spi/RuntimeModelCreationContext;)V (1689 bytes) @ 0x0000011746cb403c [0x0000011746cb3fc0+0x000000000000007c]
J 9131 c1 jdk.internal.reflect.GeneratedConstructorAccessor70.newInstance([Ljava/lang/Object;)Ljava/lang/Object; (77 bytes) @ 0x0000011746d3803c [0x0000011746d37e20+0x000000000000021c]
J 1025 c1 jdk.internal.reflect.DelegatingConstructorAccessorImpl.newInstance([Ljava/lang/Object;)Ljava/lang/Object; java.base@17.0.12 (9 bytes) @ 0x0000011745e0e3fc [0x0000011745e0e3a0+0x000000000000005c]
J 1011 c1 java.lang.reflect.Constructor.newInstanceWithCaller([Ljava/lang/Object;ZLjava/lang/Class;)Ljava/lang/Object; java.base@17.0.12 (75 bytes) @ 0x0000011745e09ac4 [0x0000011745e099e0+0x00000000000000e4]
J 9062 c1 org.hibernate.persister.internal.PersisterFactoryImpl.createEntityPersister(Lorg/hibernate/mapping/PersistentClass;Lorg/hibernate/cache/spi/access/EntityDataAccess;Lorg/hibernate/cache/spi/access/NaturalIdDataAccess;Lorg/hibernate/metamodel/spi/RuntimeModelCreationContext;)Lorg/hibernate/persister/entity/EntityPersister; (158 bytes) @ 0x0000011746d0ebac [0x0000011746d0e4e0+0x00000000000006cc]
j  org.hibernate.metamodel.model.domain.internal.MappingMetamodelImpl.processBootEntities(Ljava/util/Collection;Lorg/hibernate/cache/spi/CacheImplementor;Lorg/hibernate/persister/spi/PersisterFactory;Lorg/hibernate/metamodel/spi/RuntimeModelCreationContext;)V+68
j  org.hibernate.metamodel.model.domain.internal.MappingMetamodelImpl.finishInitialization(Lorg/hibernate/metamodel/spi/RuntimeModelCreationContext;)V+88
j  org.hibernate.internal.SessionFactoryImpl.<init>(Lorg/hibernate/boot/spi/MetadataImplementor;Lorg/hibernate/boot/spi/SessionFactoryOptions;Lorg/hibernate/boot/spi/BootstrapContext;)V+571
j  org.hibernate.internal.SessionFactoryRegistry.instantiateSessionFactory(Lorg/hibernate/boot/spi/MetadataImplementor;Lorg/hibernate/boot/spi/SessionFactoryOptions;Lorg/hibernate/boot/spi/BootstrapContext;)Lorg/hibernate/engine/spi/SessionFactoryImplementor;+7
j  org.hibernate.boot.internal.SessionFactoryBuilderImpl.build()Lorg/hibernate/SessionFactory;+12
j  org.hibernate.jpa.boot.internal.EntityManagerFactoryBuilderImpl.build()Ljakarta/persistence/EntityManagerFactory;+8
j  org.springframework.orm.jpa.vendor.SpringHibernateJpaPersistenceProvider.createContainerEntityManagerFactory(Ljakarta/persistence/spi/PersistenceUnitInfo;Ljava/util/Map;)Ljakarta/persistence/EntityManagerFactory;+113
j  org.springframework.orm.jpa.LocalContainerEntityManagerFactoryBean.createNativeEntityManagerFactory()Ljakarta/persistence/EntityManagerFactory;+111
j  org.springframework.orm.jpa.AbstractEntityManagerFactoryBean.buildNativeEntityManagerFactory()Ljakarta/persistence/EntityManagerFactory;+1
j  org.springframework.orm.jpa.AbstractEntityManagerFactoryBean.afterPropertiesSet()V+234
j  org.springframework.orm.jpa.LocalContainerEntityManagerFactoryBean.afterPropertiesSet()V+238
j  org.springframework.beans.factory.support.AbstractAutowireCapableBeanFactory.invokeInitMethods(Ljava/lang/String;Ljava/lang/Object;Lorg/springframework/beans/factory/support/RootBeanDefinition;)V+56
j  org.springframework.beans.factory.support.AbstractAutowireCapableBeanFactory.initializeBean(Ljava/lang/String;Ljava/lang/Object;Lorg/springframework/beans/factory/support/RootBeanDefinition;)Ljava/lang/Object;+46
j  org.springframework.beans.factory.support.AbstractAutowireCapableBeanFactory.doCreateBean(Ljava/lang/String;Lorg/springframework/beans/factory/support/RootBeanDefinition;[Ljava/lang/Object;)Ljava/lang/Object;+228
j  org.springframework.beans.factory.support.AbstractAutowireCapableBeanFactory.createBean(Ljava/lang/String;Lorg/springframework/beans/factory/support/RootBeanDefinition;[Ljava/lang/Object;)Ljava/lang/Object;+153
j  org.springframework.beans.factory.support.AbstractBeanFactory.lambda$doGetBean$0(Ljava/lang/String;Lorg/springframework/beans/factory/support/RootBeanDefinition;[Ljava/lang/Object;)Ljava/lang/Object;+4
j  org.springframework.beans.factory.support.AbstractBeanFactory$$Lambda$614+0x0000011701315130.getObject()Ljava/lang/Object;+16
j  org.springframework.beans.factory.support.DefaultSingletonBeanRegistry.getSingleton(Ljava/lang/String;Lorg/springframework/beans/factory/ObjectFactory;)Ljava/lang/Object;+897
J 3474 c1 org.springframework.beans.factory.support.AbstractBeanFactory.doGetBean(Ljava/lang/String;Ljava/lang/Class;[Ljava/lang/Object;Z)Ljava/lang/Object; (791 bytes) @ 0x0000011746367ccc [0x00000117463676a0+0x000000000000062c]
J 3478 c1 org.springframework.beans.factory.support.AbstractBeanFactory.getBean(Ljava/lang/String;Ljava/lang/Class;)Ljava/lang/Object; (9 bytes) @ 0x0000011746363604 [0x00000117463635a0+0x0000000000000064]
j  org.springframework.context.support.AbstractApplicationContext.finishBeanFactoryInitialization(Lorg/springframework/beans/factory/config/ConfigurableListableBeanFactory;)V+226
j  org.springframework.context.support.AbstractApplicationContext.refresh()V+94
j  org.springframework.boot.web.server.servlet.context.ServletWebServerApplicationContext.refresh()V+1
j  org.springframework.boot.SpringApplication.refresh(Lorg/springframework/context/ConfigurableApplicationContext;)V+1
j  org.springframework.boot.SpringApplication.refreshContext(Lorg/springframework/context/ConfigurableApplicationContext;)V+19
j  org.springframework.boot.SpringApplication.run([Ljava/lang/String;)Lorg/springframework/context/ConfigurableApplicationContext;+113
j  org.springframework.boot.SpringApplication.run([Ljava/lang/Class;[Ljava/lang/String;)Lorg/springframework/context/ConfigurableApplicationContext;+9
j  org.springframework.boot.SpringApplication.run(Ljava/lang/Class;[Ljava/lang/String;)Lorg/springframework/context/ConfigurableApplicationContext;+9
j  com.deloitte.AsmEwayBillApplication.main([Ljava/lang/String;)V+3
v  ~StubRoutines::call_stub

---------------  P R O C E S S  ---------------

Threads class SMR info:
_java_thread_list=0x000001175c542d10, length=31, elements={
0x000001173e1acc90, 0x0000011755ff4c60, 0x0000011755ff8840, 0x0000011756004d40,
0x0000011756005900, 0x00000117560064c0, 0x0000011756007080, 0x000001175600ac40,
0x000001175600b640, 0x000001175609f6c0, 0x0000011755fddca0, 0x0000011755fde5d0,
0x00000117561aec60, 0x00000117561af910, 0x00000117561afff0, 0x0000011756c3ed40,
0x0000011756cfbda0, 0x0000011756cfc930, 0x0000011756cee0d0, 0x0000011756cea450,
0x0000011756d413c0, 0x0000011756cf80b0, 0x0000011756cf9f10, 0x000001175b2bcff0,
0x0000011756cf94f0, 0x0000011756cf8ad0, 0x0000011756cf85c0, 0x0000011756cf8fe0,
0x0000011756cf9a00, 0x0000011756cfa420, 0x000001175d226e50
}

Java Threads: ( => current thread )
=>0x000001173e1acc90 JavaThread "main" [_thread_in_vm, id=12440, stack(0x0000000e8e000000,0x0000000e8e100000)]
  0x0000011755ff4c60 JavaThread "Reference Handler" daemon [_thread_blocked, id=33260, stack(0x0000000e8e700000,0x0000000e8e800000)]
  0x0000011755ff8840 JavaThread "Finalizer" daemon [_thread_blocked, id=18396, stack(0x0000000e8e800000,0x0000000e8e900000)]
  0x0000011756004d40 JavaThread "Signal Dispatcher" daemon [_thread_blocked, id=31600, stack(0x0000000e8e900000,0x0000000e8ea00000)]
  0x0000011756005900 JavaThread "Attach Listener" daemon [_thread_blocked, id=33508, stack(0x0000000e8ea00000,0x0000000e8eb00000)]
  0x00000117560064c0 JavaThread "Service Thread" daemon [_thread_blocked, id=8008, stack(0x0000000e8eb00000,0x0000000e8ec00000)]
  0x0000011756007080 JavaThread "Monitor Deflation Thread" daemon [_thread_blocked, id=13064, stack(0x0000000e8ec00000,0x0000000e8ed00000)]
  0x000001175600ac40 JavaThread "C1 CompilerThread0" daemon [_thread_blocked, id=29740, stack(0x0000000e8ed00000,0x0000000e8ee00000)]
  0x000001175600b640 JavaThread "Sweeper thread" daemon [_thread_blocked, id=10328, stack(0x0000000e8ee00000,0x0000000e8ef00000)]
  0x000001175609f6c0 JavaThread "C1 CompilerThread1" daemon [_thread_blocked, id=17644, stack(0x0000000e8ef00000,0x0000000e8f000000)]
  0x0000011755fddca0 JavaThread "C1 CompilerThread2" daemon [_thread_blocked, id=16440, stack(0x0000000e8f000000,0x0000000e8f100000)]
  0x0000011755fde5d0 JavaThread "Common-Cleaner" daemon [_thread_blocked, id=17596, stack(0x0000000e8f100000,0x0000000e8f200000)]
  0x00000117561aec60 JavaThread "JDWP Transport Listener: dt_socket" daemon [_thread_blocked, id=12548, stack(0x0000000e8f200000,0x0000000e8f300000)]
  0x00000117561af910 JavaThread "JDWP Event Helper Thread" daemon [_thread_blocked, id=32384, stack(0x0000000e8f300000,0x0000000e8f400000)]
  0x00000117561afff0 JavaThread "JDWP Command Reader" daemon [_thread_in_native, id=31748, stack(0x0000000e8f400000,0x0000000e8f500000)]
  0x0000011756c3ed40 JavaThread "Notification Thread" daemon [_thread_blocked, id=20988, stack(0x0000000e8f500000,0x0000000e8f600000)]
  0x0000011756cfbda0 JavaThread "RMI TCP Accept-0" daemon [_thread_in_native, id=19828, stack(0x0000000e8f600000,0x0000000e8f700000)]
  0x0000011756cfc930 JavaThread "RMI TCP Accept-53443" daemon [_thread_in_native, id=24512, stack(0x0000000e8f700000,0x0000000e8f800000)]
  0x0000011756cee0d0 JavaThread "RMI TCP Accept-0" daemon [_thread_in_native, id=24936, stack(0x0000000e8f800000,0x0000000e8f900000)]
  0x0000011756cea450 JavaThread "RMI TCP Connection(1)-127.0.0.1" daemon [_thread_in_native, id=26632, stack(0x0000000e8fa00000,0x0000000e8fb00000)]
  0x0000011756d413c0 JavaThread "RMI Scheduler(0)" daemon [_thread_blocked, id=20032, stack(0x0000000e8fb00000,0x0000000e8fc00000)]
  0x0000011756cf80b0 JavaThread "RMI TCP Connection(2)-127.0.0.1" daemon [_thread_in_native, id=17872, stack(0x0000000e8fc00000,0x0000000e8fd00000)]
  0x0000011756cf9f10 JavaThread "JMX server connection timeout 33" daemon [_thread_blocked, id=12712, stack(0x0000000e8fd00000,0x0000000e8fe00000)]
  0x000001175b2bcff0 JavaThread "C1 CompilerThread3" daemon [_thread_blocked, id=21308, stack(0x0000000e8fe00000,0x0000000e8ff00000)]
  0x0000011756cf94f0 JavaThread "Catalina-utility-1" [_thread_blocked, id=8028, stack(0x0000000e91000000,0x0000000e91100000)]
  0x0000011756cf8ad0 JavaThread "Catalina-utility-2" [_thread_blocked, id=25684, stack(0x0000000e91400000,0x0000000e91500000)]
  0x0000011756cf85c0 JavaThread "container-0" [_thread_blocked, id=14940, stack(0x0000000e91500000,0x0000000e91600000)]
  0x0000011756cf8fe0 JavaThread "Cleaner-0" daemon [_thread_blocked, id=21344, stack(0x0000000e91700000,0x0000000e91800000)]
  0x0000011756cf9a00 JavaThread "HikariPool-1:housekeeper" daemon [_thread_blocked, id=9772, stack(0x0000000e91800000,0x0000000e91900000)]
  0x0000011756cfa420 JavaThread "HikariPool-1:connection-adder" daemon [_thread_blocked, id=28420, stack(0x0000000e91900000,0x0000000e91a00000)]
  0x000001175d226e50 JavaThread "C1 CompilerThread4" daemon [_thread_blocked, id=10144, stack(0x0000000e90f00000,0x0000000e91000000)]

Other Threads:
  0x0000011755fef1b0 VMThread "VM Thread" [stack: 0x0000000e8e600000,0x0000000e8e700000] [id=23328]
  0x0000011756c8a2c0 WatcherThread [stack: 0x0000000e8f900000,0x0000000e8fa00000] [id=11184]
  0x000001173e22bc00 GCTaskThread "GC Thread#0" [stack: 0x0000000e8e100000,0x0000000e8e200000] [id=1796]
  0x000001175b2e3c70 GCTaskThread "GC Thread#1" [stack: 0x0000000e8ff00000,0x0000000e90000000] [id=14644]
  0x000001175b2e3f30 GCTaskThread "GC Thread#2" [stack: 0x0000000e90000000,0x0000000e90100000] [id=7212]
  0x000001175b2ee3e0 GCTaskThread "GC Thread#3" [stack: 0x0000000e90100000,0x0000000e90200000] [id=18288]
  0x000001175b2ee6a0 GCTaskThread "GC Thread#4" [stack: 0x0000000e90200000,0x0000000e90300000] [id=8136]
  0x000001175b2ee960 GCTaskThread "GC Thread#5" [stack: 0x0000000e90300000,0x0000000e90400000] [id=17056]
  0x000001175b2eec20 GCTaskThread "GC Thread#6" [stack: 0x0000000e90400000,0x0000000e90500000] [id=25344]
  0x000001175b2eeee0 GCTaskThread "GC Thread#7" [stack: 0x0000000e90500000,0x0000000e90600000] [id=29748]
  0x000001175b2ef1a0 GCTaskThread "GC Thread#8" [stack: 0x0000000e90600000,0x0000000e90700000] [id=14776]
  0x000001175b2ef460 GCTaskThread "GC Thread#9" [stack: 0x0000000e90700000,0x0000000e90800000] [id=17456]
  0x000001175b2ef720 GCTaskThread "GC Thread#10" [stack: 0x0000000e90800000,0x0000000e90900000] [id=22428]
  0x000001175b2ef9e0 GCTaskThread "GC Thread#11" [stack: 0x0000000e90900000,0x0000000e90a00000] [id=30360]
  0x000001175b2efca0 GCTaskThread "GC Thread#12" [stack: 0x0000000e90a00000,0x0000000e90b00000] [id=12128]
  0x000001175b308b20 GCTaskThread "GC Thread#13" [stack: 0x0000000e90b00000,0x0000000e90c00000] [id=20876]
  0x000001175b309eb0 GCTaskThread "GC Thread#14" [stack: 0x0000000e90c00000,0x0000000e90d00000] [id=26828]
  0x000001173e23c9c0 ConcurrentGCThread "G1 Main Marker" [stack: 0x0000000e8e200000,0x0000000e8e300000] [id=24316]
  0x000001173e23d270 ConcurrentGCThread "G1 Conc#0" [stack: 0x0000000e8e300000,0x0000000e8e400000] [id=17620]
  0x000001175b309930 ConcurrentGCThread "G1 Conc#1" [stack: 0x0000000e91100000,0x0000000e91200000] [id=6212]
  0x000001175b309bf0 ConcurrentGCThread "G1 Conc#2" [stack: 0x0000000e91200000,0x0000000e91300000] [id=13228]
  0x000001175b30a170 ConcurrentGCThread "G1 Conc#3" [stack: 0x0000000e91300000,0x0000000e91400000] [id=22516]
  0x0000011755aaf4a0 ConcurrentGCThread "G1 Refine#0" [stack: 0x0000000e8e400000,0x0000000e8e500000] [id=9712]
  0x000001175b31dc40 ConcurrentGCThread "G1 Refine#1" [stack: 0x0000000e90d00000,0x0000000e90e00000] [id=4804]
  0x000001175b31e540 ConcurrentGCThread "G1 Refine#2" [stack: 0x0000000e90e00000,0x0000000e90f00000] [id=12836]
  0x000001175d927090 ConcurrentGCThread "G1 Refine#3" [stack: 0x0000000e91a00000,0x0000000e91b00000] [id=23576]
  0x000001175d926ab0 ConcurrentGCThread "G1 Refine#4" [stack: 0x0000000e91b00000,0x0000000e91c00000] [id=6880]
  0x000001175d926da0 ConcurrentGCThread "G1 Refine#5" [stack: 0x0000000e91c00000,0x0000000e91d00000] [id=18464]
  0x000001175d927380 ConcurrentGCThread "G1 Refine#6" [stack: 0x0000000e91d00000,0x0000000e91e00000] [id=15128]
  0x000001175dbe3570 ConcurrentGCThread "G1 Refine#7" [stack: 0x0000000e91e00000,0x0000000e91f00000] [id=2376]
  0x000001175dbe1230 ConcurrentGCThread "G1 Refine#8" [stack: 0x0000000e91f00000,0x0000000e92000000] [id=20220]
  0x000001175dbe1520 ConcurrentGCThread "G1 Refine#9" [stack: 0x0000000e92000000,0x0000000e92100000] [id=30448]
  0x000001175dbe0960 ConcurrentGCThread "G1 Refine#10" [stack: 0x0000000e92100000,0x0000000e92200000] [id=19000]
  0x000001175dbe3860 ConcurrentGCThread "G1 Refine#11" [stack: 0x0000000e92200000,0x0000000e92300000] [id=30716]
  0x000001175dbe2f90 ConcurrentGCThread "G1 Refine#12" [stack: 0x0000000e92300000,0x0000000e92400000] [id=13292]
  0x000001175dbe1810 ConcurrentGCThread "G1 Refine#13" [stack: 0x0000000e92400000,0x0000000e92500000] [id=28176]
  0x000001175dbe3b50 ConcurrentGCThread "G1 Refine#14" [stack: 0x0000000e92500000,0x0000000e92600000] [id=19632]
  0x0000011755aafd70 ConcurrentGCThread "G1 Service" [stack: 0x0000000e8e500000,0x0000000e8e600000] [id=14180]

Threads with active compile tasks:

VM state: not at safepoint (normal execution)

VM Mutex/Monitor currently owned by a thread:  ([mutex/lock_event])
[0x000001173e1b83c0] Metaspace_lock - owner thread: 0x000001173e1acc90

Heap address: 0x0000000700000000, size: 4096 MB, Compressed Oops mode: Zero based, Oop shift amount: 3

CDS archive(s) mapped at: [0x0000011700000000-0x0000011700bd0000-0x0000011700bd0000), size 12386304, SharedBaseAddress: 0x0000011700000000, ArchiveRelocationMode: 1.
Compressed class space mapped at: 0x0000011701000000-0x0000011735000000, reserved size: 872415232
Narrow klass base: 0x0000011700000000, Narrow klass shift: 0, Narrow klass range: 0x100000000

GC Precious Log:
 CPUs: 20 total, 20 available
 Memory: 16072M
 Large Page Support: Disabled
 NUMA Support: Disabled
 Compressed Oops: Enabled (Zero based)
 Heap Region Size: 2M
 Heap Min Capacity: 1G
 Heap Initial Capacity: 1G
 Heap Max Capacity: 4G
 Pre-touch: Disabled
 Parallel Workers: 15
 Concurrent Workers: 4
 Concurrent Refinement Workers: 15
 Periodic GC: Disabled

Heap:
 garbage-first heap   total 1048576K, used 403949K [0x0000000700000000, 0x0000000800000000)
  region size 2048K, 183 young (374784K), 39 survivors (79872K)
 Metaspace       used 85248K, committed 85824K, reserved 983040K
  class space    used 10852K, committed 11136K, reserved 851968K

Heap Regions: E=young(eden), S=young(survivor), O=old, HS=humongous(starts), HC=humongous(continues), CS=collection set, F=free, OA=open archive, CA=closed archive, TAMS=top-at-mark-start (previous, next)
|   0|0x0000000700000000, 0x0000000700200000, 0x0000000700200000|100%| O|  |TAMS 0x0000000700200000, 0x0000000700000000| Untracked 
|   1|0x0000000700200000, 0x0000000700400000, 0x0000000700400000|100%| O|  |TAMS 0x0000000700400000, 0x0000000700200000| Untracked 
|   2|0x0000000700400000, 0x0000000700600000, 0x0000000700600000|100%| O|  |TAMS 0x0000000700600000, 0x0000000700400000| Untracked 
|   3|0x0000000700600000, 0x0000000700800000, 0x0000000700800000|100%| O|  |TAMS 0x0000000700800000, 0x0000000700600000| Untracked 
|   4|0x0000000700800000, 0x0000000700a00000, 0x0000000700a00000|100%| O|  |TAMS 0x0000000700a00000, 0x0000000700800000| Untracked 
|   5|0x0000000700a00000, 0x0000000700c00000, 0x0000000700c00000|100%| O|  |TAMS 0x0000000700b7b400, 0x0000000700a00000| Untracked 
|   6|0x0000000700c00000, 0x0000000700e00000, 0x0000000700e00000|100%| O|  |TAMS 0x0000000700c00000, 0x0000000700c00000| Untracked 
|   7|0x0000000700e00000, 0x0000000701000000, 0x0000000701000000|100%| O|  |TAMS 0x0000000700e00000, 0x0000000700e00000| Untracked 
|   8|0x0000000701000000, 0x0000000701200000, 0x0000000701200000|100%| O|  |TAMS 0x0000000701000000, 0x0000000701000000| Untracked 
|   9|0x0000000701200000, 0x0000000701400000, 0x0000000701400000|100%| O|  |TAMS 0x0000000701200000, 0x0000000701200000| Untracked 
|  10|0x0000000701400000, 0x0000000701600000, 0x0000000701600000|100%| O|  |TAMS 0x0000000701400000, 0x0000000701400000| Untracked 
|  11|0x0000000701600000, 0x0000000701800000, 0x0000000701800000|100%| O|  |TAMS 0x0000000701600000, 0x0000000701600000| Untracked 
|  12|0x0000000701800000, 0x0000000701a00000, 0x0000000701a00000|100%| O|  |TAMS 0x0000000701800000, 0x0000000701800000| Untracked 
|  13|0x0000000701a00000, 0x0000000701c00000, 0x0000000701c00000|100%| O|  |TAMS 0x0000000701a00000, 0x0000000701a00000| Untracked 
|  14|0x0000000701c00000, 0x0000000701e00000, 0x0000000701e00000|100%| O|  |TAMS 0x0000000701c00000, 0x0000000701c00000| Untracked 
|  15|0x0000000701e00000, 0x0000000701e7b400, 0x0000000702000000| 24%| O|  |TAMS 0x0000000701e00000, 0x0000000701e00000| Untracked 
|  16|0x0000000702000000, 0x0000000702000000, 0x0000000702200000|  0%| F|  |TAMS 0x0000000702000000, 0x0000000702000000| Untracked 
|  17|0x0000000702200000, 0x0000000702200000, 0x0000000702400000|  0%| F|  |TAMS 0x0000000702200000, 0x0000000702200000| Untracked 
|  18|0x0000000702400000, 0x0000000702400000, 0x0000000702600000|  0%| F|  |TAMS 0x0000000702400000, 0x0000000702400000| Untracked 
|  19|0x0000000702600000, 0x0000000702600000, 0x0000000702800000|  0%| F|  |TAMS 0x0000000702600000, 0x0000000702600000| Untracked 
|  20|0x0000000702800000, 0x0000000702800000, 0x0000000702a00000|  0%| F|  |TAMS 0x0000000702800000, 0x0000000702800000| Untracked 
|  21|0x0000000702a00000, 0x0000000702a00000, 0x0000000702c00000|  0%| F|  |TAMS 0x0000000702a00000, 0x0000000702a00000| Untracked 
|  22|0x0000000702c00000, 0x0000000702c00000, 0x0000000702e00000|  0%| F|  |TAMS 0x0000000702c00000, 0x0000000702c00000| Untracked 
|  23|0x0000000702e00000, 0x0000000702e00000, 0x0000000703000000|  0%| F|  |TAMS 0x0000000702e00000, 0x0000000702e00000| Untracked 
|  24|0x0000000703000000, 0x0000000703000000, 0x0000000703200000|  0%| F|  |TAMS 0x0000000703000000, 0x0000000703000000| Untracked 
|  25|0x0000000703200000, 0x0000000703200000, 0x0000000703400000|  0%| F|  |TAMS 0x0000000703200000, 0x0000000703200000| Untracked 
|  26|0x0000000703400000, 0x0000000703400000, 0x0000000703600000|  0%| F|  |TAMS 0x0000000703400000, 0x0000000703400000| Untracked 
|  27|0x0000000703600000, 0x0000000703600000, 0x0000000703800000|  0%| F|  |TAMS 0x0000000703600000, 0x0000000703600000| Untracked 
|  28|0x0000000703800000, 0x0000000703800000, 0x0000000703a00000|  0%| F|  |TAMS 0x0000000703800000, 0x0000000703800000| Untracked 
|  29|0x0000000703a00000, 0x0000000703a00000, 0x0000000703c00000|  0%| F|  |TAMS 0x0000000703a00000, 0x0000000703a00000| Untracked 
|  30|0x0000000703c00000, 0x0000000703c00000, 0x0000000703e00000|  0%| F|  |TAMS 0x0000000703c00000, 0x0000000703c00000| Untracked 
|  31|0x0000000703e00000, 0x0000000703e00000, 0x0000000704000000|  0%| F|  |TAMS 0x0000000703e00000, 0x0000000703e00000| Untracked 
|  32|0x0000000704000000, 0x0000000704000000, 0x0000000704200000|  0%| F|  |TAMS 0x0000000704000000, 0x0000000704000000| Untracked 
|  33|0x0000000704200000, 0x0000000704200000, 0x0000000704400000|  0%| F|  |TAMS 0x0000000704200000, 0x0000000704200000| Untracked 
|  34|0x0000000704400000, 0x0000000704400000, 0x0000000704600000|  0%| F|  |TAMS 0x0000000704400000, 0x0000000704400000| Untracked 
|  35|0x0000000704600000, 0x0000000704600000, 0x0000000704800000|  0%| F|  |TAMS 0x0000000704600000, 0x0000000704600000| Untracked 
|  36|0x0000000704800000, 0x0000000704800000, 0x0000000704a00000|  0%| F|  |TAMS 0x0000000704800000, 0x0000000704800000| Untracked 
|  37|0x0000000704a00000, 0x0000000704a00000, 0x0000000704c00000|  0%| F|  |TAMS 0x0000000704a00000, 0x0000000704a00000| Untracked 
|  38|0x0000000704c00000, 0x0000000704c00000, 0x0000000704e00000|  0%| F|  |TAMS 0x0000000704c00000, 0x0000000704c00000| Untracked 
|  39|0x0000000704e00000, 0x0000000704e00000, 0x0000000705000000|  0%| F|  |TAMS 0x0000000704e00000, 0x0000000704e00000| Untracked 
|  40|0x0000000705000000, 0x0000000705000000, 0x0000000705200000|  0%| F|  |TAMS 0x0000000705000000, 0x0000000705000000| Untracked 
|  41|0x0000000705200000, 0x0000000705200000, 0x0000000705400000|  0%| F|  |TAMS 0x0000000705200000, 0x0000000705200000| Untracked 
|  42|0x0000000705400000, 0x0000000705400000, 0x0000000705600000|  0%| F|  |TAMS 0x0000000705400000, 0x0000000705400000| Untracked 
|  43|0x0000000705600000, 0x0000000705600000, 0x0000000705800000|  0%| F|  |TAMS 0x0000000705600000, 0x0000000705600000| Untracked 
|  44|0x0000000705800000, 0x0000000705800000, 0x0000000705a00000|  0%| F|  |TAMS 0x0000000705800000, 0x0000000705800000| Untracked 
|  45|0x0000000705a00000, 0x0000000705a00000, 0x0000000705c00000|  0%| F|  |TAMS 0x0000000705a00000, 0x0000000705a00000| Untracked 
|  46|0x0000000705c00000, 0x0000000705c00000, 0x0000000705e00000|  0%| F|  |TAMS 0x0000000705c00000, 0x0000000705c00000| Untracked 
|  47|0x0000000705e00000, 0x0000000705e00000, 0x0000000706000000|  0%| F|  |TAMS 0x0000000705e00000, 0x0000000705e00000| Untracked 
|  48|0x0000000706000000, 0x0000000706000000, 0x0000000706200000|  0%| F|  |TAMS 0x0000000706000000, 0x0000000706000000| Untracked 
|  49|0x0000000706200000, 0x0000000706200000, 0x0000000706400000|  0%| F|  |TAMS 0x0000000706200000, 0x0000000706200000| Untracked 
|  50|0x0000000706400000, 0x0000000706400000, 0x0000000706600000|  0%| F|  |TAMS 0x0000000706400000, 0x0000000706400000| Untracked 
|  51|0x0000000706600000, 0x0000000706600000, 0x0000000706800000|  0%| F|  |TAMS 0x0000000706600000, 0x0000000706600000| Untracked 
|  52|0x0000000706800000, 0x0000000706800000, 0x0000000706a00000|  0%| F|  |TAMS 0x0000000706800000, 0x0000000706800000| Untracked 
|  53|0x0000000706a00000, 0x0000000706a00000, 0x0000000706c00000|  0%| F|  |TAMS 0x0000000706a00000, 0x0000000706a00000| Untracked 
|  54|0x0000000706c00000, 0x0000000706c00000, 0x0000000706e00000|  0%| F|  |TAMS 0x0000000706c00000, 0x0000000706c00000| Untracked 
|  55|0x0000000706e00000, 0x0000000706e00000, 0x0000000707000000|  0%| F|  |TAMS 0x0000000706e00000, 0x0000000706e00000| Untracked 
|  56|0x0000000707000000, 0x0000000707000000, 0x0000000707200000|  0%| F|  |TAMS 0x0000000707000000, 0x0000000707000000| Untracked 
|  57|0x0000000707200000, 0x0000000707200000, 0x0000000707400000|  0%| F|  |TAMS 0x0000000707200000, 0x0000000707200000| Untracked 
|  58|0x0000000707400000, 0x0000000707400000, 0x0000000707600000|  0%| F|  |TAMS 0x0000000707400000, 0x0000000707400000| Untracked 
|  59|0x0000000707600000, 0x0000000707600000, 0x0000000707800000|  0%| F|  |TAMS 0x0000000707600000, 0x0000000707600000| Untracked 
|  60|0x0000000707800000, 0x0000000707800000, 0x0000000707a00000|  0%| F|  |TAMS 0x0000000707800000, 0x0000000707800000| Untracked 
|  61|0x0000000707a00000, 0x0000000707a00000, 0x0000000707c00000|  0%| F|  |TAMS 0x0000000707a00000, 0x0000000707a00000| Untracked 
|  62|0x0000000707c00000, 0x0000000707c00000, 0x0000000707e00000|  0%| F|  |TAMS 0x0000000707c00000, 0x0000000707c00000| Untracked 
|  63|0x0000000707e00000, 0x0000000707e00000, 0x0000000708000000|  0%| F|  |TAMS 0x0000000707e00000, 0x0000000707e00000| Untracked 
|  64|0x0000000708000000, 0x0000000708000000, 0x0000000708200000|  0%| F|  |TAMS 0x0000000708000000, 0x0000000708000000| Untracked 
|  65|0x0000000708200000, 0x0000000708200000, 0x0000000708400000|  0%| F|  |TAMS 0x0000000708200000, 0x0000000708200000| Untracked 
|  66|0x0000000708400000, 0x0000000708400000, 0x0000000708600000|  0%| F|  |TAMS 0x0000000708400000, 0x0000000708400000| Untracked 
|  67|0x0000000708600000, 0x0000000708600000, 0x0000000708800000|  0%| F|  |TAMS 0x0000000708600000, 0x0000000708600000| Untracked 
|  68|0x0000000708800000, 0x0000000708800000, 0x0000000708a00000|  0%| F|  |TAMS 0x0000000708800000, 0x0000000708800000| Untracked 
|  69|0x0000000708a00000, 0x0000000708a00000, 0x0000000708c00000|  0%| F|  |TAMS 0x0000000708a00000, 0x0000000708a00000| Untracked 
|  70|0x0000000708c00000, 0x0000000708c00000, 0x0000000708e00000|  0%| F|  |TAMS 0x0000000708c00000, 0x0000000708c00000| Untracked 
|  71|0x0000000708e00000, 0x0000000708e00000, 0x0000000709000000|  0%| F|  |TAMS 0x0000000708e00000, 0x0000000708e00000| Untracked 
|  72|0x0000000709000000, 0x0000000709000000, 0x0000000709200000|  0%| F|  |TAMS 0x0000000709000000, 0x0000000709000000| Untracked 
|  73|0x0000000709200000, 0x0000000709200000, 0x0000000709400000|  0%| F|  |TAMS 0x0000000709200000, 0x0000000709200000| Untracked 
|  74|0x0000000709400000, 0x0000000709400000, 0x0000000709600000|  0%| F|  |TAMS 0x0000000709400000, 0x0000000709400000| Untracked 
|  75|0x0000000709600000, 0x0000000709600000, 0x0000000709800000|  0%| F|  |TAMS 0x0000000709600000, 0x0000000709600000| Untracked 
|  76|0x0000000709800000, 0x0000000709800000, 0x0000000709a00000|  0%| F|  |TAMS 0x0000000709800000, 0x0000000709800000| Untracked 
|  77|0x0000000709a00000, 0x0000000709a00000, 0x0000000709c00000|  0%| F|  |TAMS 0x0000000709a00000, 0x0000000709a00000| Untracked 
|  78|0x0000000709c00000, 0x0000000709c00000, 0x0000000709e00000|  0%| F|  |TAMS 0x0000000709c00000, 0x0000000709c00000| Untracked 
|  79|0x0000000709e00000, 0x0000000709e00000, 0x000000070a000000|  0%| F|  |TAMS 0x0000000709e00000, 0x0000000709e00000| Untracked 
|  80|0x000000070a000000, 0x000000070a000000, 0x000000070a200000|  0%| F|  |TAMS 0x000000070a000000, 0x000000070a000000| Untracked 
|  81|0x000000070a200000, 0x000000070a200000, 0x000000070a400000|  0%| F|  |TAMS 0x000000070a200000, 0x000000070a200000| Untracked 
|  82|0x000000070a400000, 0x000000070a400000, 0x000000070a600000|  0%| F|  |TAMS 0x000000070a400000, 0x000000070a400000| Untracked 
|  83|0x000000070a600000, 0x000000070a600000, 0x000000070a800000|  0%| F|  |TAMS 0x000000070a600000, 0x000000070a600000| Untracked 
|  84|0x000000070a800000, 0x000000070a800000, 0x000000070aa00000|  0%| F|  |TAMS 0x000000070a800000, 0x000000070a800000| Untracked 
|  85|0x000000070aa00000, 0x000000070aa00000, 0x000000070ac00000|  0%| F|  |TAMS 0x000000070aa00000, 0x000000070aa00000| Untracked 
|  86|0x000000070ac00000, 0x000000070ac00000, 0x000000070ae00000|  0%| F|  |TAMS 0x000000070ac00000, 0x000000070ac00000| Untracked 
|  87|0x000000070ae00000, 0x000000070ae00000, 0x000000070b000000|  0%| F|  |TAMS 0x000000070ae00000, 0x000000070ae00000| Untracked 
|  88|0x000000070b000000, 0x000000070b000000, 0x000000070b200000|  0%| F|  |TAMS 0x000000070b000000, 0x000000070b000000| Untracked 
|  89|0x000000070b200000, 0x000000070b200000, 0x000000070b400000|  0%| F|  |TAMS 0x000000070b200000, 0x000000070b200000| Untracked 
|  90|0x000000070b400000, 0x000000070b400000, 0x000000070b600000|  0%| F|  |TAMS 0x000000070b400000, 0x000000070b400000| Untracked 
|  91|0x000000070b600000, 0x000000070b600000, 0x000000070b800000|  0%| F|  |TAMS 0x000000070b600000, 0x000000070b600000| Untracked 
|  92|0x000000070b800000, 0x000000070b800000, 0x000000070ba00000|  0%| F|  |TAMS 0x000000070b800000, 0x000000070b800000| Untracked 
|  93|0x000000070ba00000, 0x000000070ba00000, 0x000000070bc00000|  0%| F|  |TAMS 0x000000070ba00000, 0x000000070ba00000| Untracked 
|  94|0x000000070bc00000, 0x000000070bc00000, 0x000000070be00000|  0%| F|  |TAMS 0x000000070bc00000, 0x000000070bc00000| Untracked 
|  95|0x000000070be00000, 0x000000070be00000, 0x000000070c000000|  0%| F|  |TAMS 0x000000070be00000, 0x000000070be00000| Untracked 
|  96|0x000000070c000000, 0x000000070c000000, 0x000000070c200000|  0%| F|  |TAMS 0x000000070c000000, 0x000000070c000000| Untracked 
|  97|0x000000070c200000, 0x000000070c200000, 0x000000070c400000|  0%| F|  |TAMS 0x000000070c200000, 0x000000070c200000| Untracked 
|  98|0x000000070c400000, 0x000000070c400000, 0x000000070c600000|  0%| F|  |TAMS 0x000000070c400000, 0x000000070c400000| Untracked 
|  99|0x000000070c600000, 0x000000070c600000, 0x000000070c800000|  0%| F|  |TAMS 0x000000070c600000, 0x000000070c600000| Untracked 
| 100|0x000000070c800000, 0x000000070c800000, 0x000000070ca00000|  0%| F|  |TAMS 0x000000070c800000, 0x000000070c800000| Untracked 
| 101|0x000000070ca00000, 0x000000070ca00000, 0x000000070cc00000|  0%| F|  |TAMS 0x000000070ca00000, 0x000000070ca00000| Untracked 
| 102|0x000000070cc00000, 0x000000070cc00000, 0x000000070ce00000|  0%| F|  |TAMS 0x000000070cc00000, 0x000000070cc00000| Untracked 
| 103|0x000000070ce00000, 0x000000070ce00000, 0x000000070d000000|  0%| F|  |TAMS 0x000000070ce00000, 0x000000070ce00000| Untracked 
| 104|0x000000070d000000, 0x000000070d000000, 0x000000070d200000|  0%| F|  |TAMS 0x000000070d000000, 0x000000070d000000| Untracked 
| 105|0x000000070d200000, 0x000000070d200000, 0x000000070d400000|  0%| F|  |TAMS 0x000000070d200000, 0x000000070d200000| Untracked 
| 106|0x000000070d400000, 0x000000070d400000, 0x000000070d600000|  0%| F|  |TAMS 0x000000070d400000, 0x000000070d400000| Untracked 
| 107|0x000000070d600000, 0x000000070d600000, 0x000000070d800000|  0%| F|  |TAMS 0x000000070d600000, 0x000000070d600000| Untracked 
| 108|0x000000070d800000, 0x000000070d800000, 0x000000070da00000|  0%| F|  |TAMS 0x000000070d800000, 0x000000070d800000| Untracked 
| 109|0x000000070da00000, 0x000000070da00000, 0x000000070dc00000|  0%| F|  |TAMS 0x000000070da00000, 0x000000070da00000| Untracked 
| 110|0x000000070dc00000, 0x000000070dc00000, 0x000000070de00000|  0%| F|  |TAMS 0x000000070dc00000, 0x000000070dc00000| Untracked 
| 111|0x000000070de00000, 0x000000070de00000, 0x000000070e000000|  0%| F|  |TAMS 0x000000070de00000, 0x000000070de00000| Untracked 
| 112|0x000000070e000000, 0x000000070e000000, 0x000000070e200000|  0%| F|  |TAMS 0x000000070e000000, 0x000000070e000000| Untracked 
| 113|0x000000070e200000, 0x000000070e200000, 0x000000070e400000|  0%| F|  |TAMS 0x000000070e200000, 0x000000070e200000| Untracked 
| 114|0x000000070e400000, 0x000000070e400000, 0x000000070e600000|  0%| F|  |TAMS 0x000000070e400000, 0x000000070e400000| Untracked 
| 115|0x000000070e600000, 0x000000070e600000, 0x000000070e800000|  0%| F|  |TAMS 0x000000070e600000, 0x000000070e600000| Untracked 
| 116|0x000000070e800000, 0x000000070e800000, 0x000000070ea00000|  0%| F|  |TAMS 0x000000070e800000, 0x000000070e800000| Untracked 
| 117|0x000000070ea00000, 0x000000070ea00000, 0x000000070ec00000|  0%| F|  |TAMS 0x000000070ea00000, 0x000000070ea00000| Untracked 
| 118|0x000000070ec00000, 0x000000070ec00000, 0x000000070ee00000|  0%| F|  |TAMS 0x000000070ec00000, 0x000000070ec00000| Untracked 
| 119|0x000000070ee00000, 0x000000070ee00000, 0x000000070f000000|  0%| F|  |TAMS 0x000000070ee00000, 0x000000070ee00000| Untracked 
| 120|0x000000070f000000, 0x000000070f000000, 0x000000070f200000|  0%| F|  |TAMS 0x000000070f000000, 0x000000070f000000| Untracked 
| 121|0x000000070f200000, 0x000000070f200000, 0x000000070f400000|  0%| F|  |TAMS 0x000000070f200000, 0x000000070f200000| Untracked 
| 122|0x000000070f400000, 0x000000070f400000, 0x000000070f600000|  0%| F|  |TAMS 0x000000070f400000, 0x000000070f400000| Untracked 
| 123|0x000000070f600000, 0x000000070f600000, 0x000000070f800000|  0%| F|  |TAMS 0x000000070f600000, 0x000000070f600000| Untracked 
| 124|0x000000070f800000, 0x000000070f800000, 0x000000070fa00000|  0%| F|  |TAMS 0x000000070f800000, 0x000000070f800000| Untracked 
| 125|0x000000070fa00000, 0x000000070fa00000, 0x000000070fc00000|  0%| F|  |TAMS 0x000000070fa00000, 0x000000070fa00000| Untracked 
| 126|0x000000070fc00000, 0x000000070fc00000, 0x000000070fe00000|  0%| F|  |TAMS 0x000000070fc00000, 0x000000070fc00000| Untracked 
| 127|0x000000070fe00000, 0x000000070fe00000, 0x0000000710000000|  0%| F|  |TAMS 0x000000070fe00000, 0x000000070fe00000| Untracked 
| 128|0x0000000710000000, 0x0000000710000000, 0x0000000710200000|  0%| F|  |TAMS 0x0000000710000000, 0x0000000710000000| Untracked 
| 129|0x0000000710200000, 0x0000000710200000, 0x0000000710400000|  0%| F|  |TAMS 0x0000000710200000, 0x0000000710200000| Untracked 
| 130|0x0000000710400000, 0x0000000710400000, 0x0000000710600000|  0%| F|  |TAMS 0x0000000710400000, 0x0000000710400000| Untracked 
| 131|0x0000000710600000, 0x0000000710600000, 0x0000000710800000|  0%| F|  |TAMS 0x0000000710600000, 0x0000000710600000| Untracked 
| 132|0x0000000710800000, 0x0000000710800000, 0x0000000710a00000|  0%| F|  |TAMS 0x0000000710800000, 0x0000000710800000| Untracked 
| 133|0x0000000710a00000, 0x0000000710a00000, 0x0000000710c00000|  0%| F|  |TAMS 0x0000000710a00000, 0x0000000710a00000| Untracked 
| 134|0x0000000710c00000, 0x0000000710c00000, 0x0000000710e00000|  0%| F|  |TAMS 0x0000000710c00000, 0x0000000710c00000| Untracked 
| 135|0x0000000710e00000, 0x0000000710e00000, 0x0000000711000000|  0%| F|  |TAMS 0x0000000710e00000, 0x0000000710e00000| Untracked 
| 136|0x0000000711000000, 0x0000000711000000, 0x0000000711200000|  0%| F|  |TAMS 0x0000000711000000, 0x0000000711000000| Untracked 
| 137|0x0000000711200000, 0x0000000711200000, 0x0000000711400000|  0%| F|  |TAMS 0x0000000711200000, 0x0000000711200000| Untracked 
| 138|0x0000000711400000, 0x0000000711400000, 0x0000000711600000|  0%| F|  |TAMS 0x0000000711400000, 0x0000000711400000| Untracked 
| 139|0x0000000711600000, 0x0000000711600000, 0x0000000711800000|  0%| F|  |TAMS 0x0000000711600000, 0x0000000711600000| Untracked 
| 140|0x0000000711800000, 0x0000000711800000, 0x0000000711a00000|  0%| F|  |TAMS 0x0000000711800000, 0x0000000711800000| Untracked 
| 141|0x0000000711a00000, 0x0000000711a00000, 0x0000000711c00000|  0%| F|  |TAMS 0x0000000711a00000, 0x0000000711a00000| Untracked 
| 142|0x0000000711c00000, 0x0000000711c00000, 0x0000000711e00000|  0%| F|  |TAMS 0x0000000711c00000, 0x0000000711c00000| Untracked 
| 143|0x0000000711e00000, 0x0000000711e00000, 0x0000000712000000|  0%| F|  |TAMS 0x0000000711e00000, 0x0000000711e00000| Untracked 
| 144|0x0000000712000000, 0x0000000712000000, 0x0000000712200000|  0%| F|  |TAMS 0x0000000712000000, 0x0000000712000000| Untracked 
| 145|0x0000000712200000, 0x0000000712200000, 0x0000000712400000|  0%| F|  |TAMS 0x0000000712200000, 0x0000000712200000| Untracked 
| 146|0x0000000712400000, 0x0000000712400000, 0x0000000712600000|  0%| F|  |TAMS 0x0000000712400000, 0x0000000712400000| Untracked 
| 147|0x0000000712600000, 0x0000000712600000, 0x0000000712800000|  0%| F|  |TAMS 0x0000000712600000, 0x0000000712600000| Untracked 
| 148|0x0000000712800000, 0x0000000712800000, 0x0000000712a00000|  0%| F|  |TAMS 0x0000000712800000, 0x0000000712800000| Untracked 
| 149|0x0000000712a00000, 0x0000000712a00000, 0x0000000712c00000|  0%| F|  |TAMS 0x0000000712a00000, 0x0000000712a00000| Untracked 
| 150|0x0000000712c00000, 0x0000000712c00000, 0x0000000712e00000|  0%| F|  |TAMS 0x0000000712c00000, 0x0000000712c00000| Untracked 
| 151|0x0000000712e00000, 0x0000000712e00000, 0x0000000713000000|  0%| F|  |TAMS 0x0000000712e00000, 0x0000000712e00000| Untracked 
| 152|0x0000000713000000, 0x0000000713000000, 0x0000000713200000|  0%| F|  |TAMS 0x0000000713000000, 0x0000000713000000| Untracked 
| 153|0x0000000713200000, 0x0000000713200000, 0x0000000713400000|  0%| F|  |TAMS 0x0000000713200000, 0x0000000713200000| Untracked 
| 154|0x0000000713400000, 0x0000000713400000, 0x0000000713600000|  0%| F|  |TAMS 0x0000000713400000, 0x0000000713400000| Untracked 
| 155|0x0000000713600000, 0x0000000713600000, 0x0000000713800000|  0%| F|  |TAMS 0x0000000713600000, 0x0000000713600000| Untracked 
| 156|0x0000000713800000, 0x0000000713800000, 0x0000000713a00000|  0%| F|  |TAMS 0x0000000713800000, 0x0000000713800000| Untracked 
| 157|0x0000000713a00000, 0x0000000713a00000, 0x0000000713c00000|  0%| F|  |TAMS 0x0000000713a00000, 0x0000000713a00000| Untracked 
| 158|0x0000000713c00000, 0x0000000713c00000, 0x0000000713e00000|  0%| F|  |TAMS 0x0000000713c00000, 0x0000000713c00000| Untracked 
| 159|0x0000000713e00000, 0x0000000713e00000, 0x0000000714000000|  0%| F|  |TAMS 0x0000000713e00000, 0x0000000713e00000| Untracked 
| 160|0x0000000714000000, 0x0000000714000000, 0x0000000714200000|  0%| F|  |TAMS 0x0000000714000000, 0x0000000714000000| Untracked 
| 161|0x0000000714200000, 0x0000000714200000, 0x0000000714400000|  0%| F|  |TAMS 0x0000000714200000, 0x0000000714200000| Untracked 
| 162|0x0000000714400000, 0x0000000714400000, 0x0000000714600000|  0%| F|  |TAMS 0x0000000714400000, 0x0000000714400000| Untracked 
| 163|0x0000000714600000, 0x0000000714600000, 0x0000000714800000|  0%| F|  |TAMS 0x0000000714600000, 0x0000000714600000| Untracked 
| 164|0x0000000714800000, 0x0000000714800000, 0x0000000714a00000|  0%| F|  |TAMS 0x0000000714800000, 0x0000000714800000| Untracked 
| 165|0x0000000714a00000, 0x0000000714a00000, 0x0000000714c00000|  0%| F|  |TAMS 0x0000000714a00000, 0x0000000714a00000| Untracked 
| 166|0x0000000714c00000, 0x0000000714e00000, 0x0000000714e00000|100%| S|CS|TAMS 0x0000000714c00000, 0x0000000714c00000| Complete 
| 167|0x0000000714e00000, 0x0000000715000000, 0x0000000715000000|100%| S|CS|TAMS 0x0000000714e00000, 0x0000000714e00000| Complete 
| 168|0x0000000715000000, 0x0000000715200000, 0x0000000715200000|100%| S|CS|TAMS 0x0000000715000000, 0x0000000715000000| Complete 
| 169|0x0000000715200000, 0x0000000715400000, 0x0000000715400000|100%| S|CS|TAMS 0x0000000715200000, 0x0000000715200000| Complete 
| 170|0x0000000715400000, 0x0000000715600000, 0x0000000715600000|100%| S|CS|TAMS 0x0000000715400000, 0x0000000715400000| Complete 
| 171|0x0000000715600000, 0x0000000715800000, 0x0000000715800000|100%| S|CS|TAMS 0x0000000715600000, 0x0000000715600000| Complete 
| 172|0x0000000715800000, 0x0000000715a00000, 0x0000000715a00000|100%| S|CS|TAMS 0x0000000715800000, 0x0000000715800000| Complete 
| 173|0x0000000715a00000, 0x0000000715c00000, 0x0000000715c00000|100%| S|CS|TAMS 0x0000000715a00000, 0x0000000715a00000| Complete 
| 174|0x0000000715c00000, 0x0000000715e00000, 0x0000000715e00000|100%| S|CS|TAMS 0x0000000715c00000, 0x0000000715c00000| Complete 
| 175|0x0000000715e00000, 0x0000000716000000, 0x0000000716000000|100%| S|CS|TAMS 0x0000000715e00000, 0x0000000715e00000| Complete 
| 176|0x0000000716000000, 0x0000000716200000, 0x0000000716200000|100%| S|CS|TAMS 0x0000000716000000, 0x0000000716000000| Complete 
| 177|0x0000000716200000, 0x0000000716400000, 0x0000000716400000|100%| S|CS|TAMS 0x0000000716200000, 0x0000000716200000| Complete 
| 178|0x0000000716400000, 0x0000000716600000, 0x0000000716600000|100%| S|CS|TAMS 0x0000000716400000, 0x0000000716400000| Complete 
| 179|0x0000000716600000, 0x0000000716800000, 0x0000000716800000|100%| S|CS|TAMS 0x0000000716600000, 0x0000000716600000| Complete 
| 180|0x0000000716800000, 0x0000000716a00000, 0x0000000716a00000|100%| S|CS|TAMS 0x0000000716800000, 0x0000000716800000| Complete 
| 181|0x0000000716a00000, 0x0000000716c00000, 0x0000000716c00000|100%| S|CS|TAMS 0x0000000716a00000, 0x0000000716a00000| Complete 
| 182|0x0000000716c00000, 0x0000000716e00000, 0x0000000716e00000|100%| S|CS|TAMS 0x0000000716c00000, 0x0000000716c00000| Complete 
| 183|0x0000000716e00000, 0x0000000717000000, 0x0000000717000000|100%| S|CS|TAMS 0x0000000716e00000, 0x0000000716e00000| Complete 
| 184|0x0000000717000000, 0x0000000717200000, 0x0000000717200000|100%| S|CS|TAMS 0x0000000717000000, 0x0000000717000000| Complete 
| 185|0x0000000717200000, 0x0000000717400000, 0x0000000717400000|100%| S|CS|TAMS 0x0000000717200000, 0x0000000717200000| Complete 
| 186|0x0000000717400000, 0x0000000717600000, 0x0000000717600000|100%| S|CS|TAMS 0x0000000717400000, 0x0000000717400000| Complete 
| 187|0x0000000717600000, 0x0000000717800000, 0x0000000717800000|100%| S|CS|TAMS 0x0000000717600000, 0x0000000717600000| Complete 
| 188|0x0000000717800000, 0x0000000717a00000, 0x0000000717a00000|100%| S|CS|TAMS 0x0000000717800000, 0x0000000717800000| Complete 
| 189|0x0000000717a00000, 0x0000000717c00000, 0x0000000717c00000|100%| S|CS|TAMS 0x0000000717a00000, 0x0000000717a00000| Complete 
| 190|0x0000000717c00000, 0x0000000717e00000, 0x0000000717e00000|100%| S|CS|TAMS 0x0000000717c00000, 0x0000000717c00000| Complete 
| 191|0x0000000717e00000, 0x0000000718000000, 0x0000000718000000|100%| S|CS|TAMS 0x0000000717e00000, 0x0000000717e00000| Complete 
| 192|0x0000000718000000, 0x0000000718200000, 0x0000000718200000|100%| S|CS|TAMS 0x0000000718000000, 0x0000000718000000| Complete 
| 193|0x0000000718200000, 0x0000000718400000, 0x0000000718400000|100%| S|CS|TAMS 0x0000000718200000, 0x0000000718200000| Complete 
| 194|0x0000000718400000, 0x0000000718600000, 0x0000000718600000|100%| S|CS|TAMS 0x0000000718400000, 0x0000000718400000| Complete 
| 195|0x0000000718600000, 0x0000000718800000, 0x0000000718800000|100%| S|CS|TAMS 0x0000000718600000, 0x0000000718600000| Complete 
| 196|0x0000000718800000, 0x0000000718a00000, 0x0000000718a00000|100%| S|CS|TAMS 0x0000000718800000, 0x0000000718800000| Complete 
| 197|0x0000000718a00000, 0x0000000718c00000, 0x0000000718c00000|100%| S|CS|TAMS 0x0000000718a00000, 0x0000000718a00000| Complete 
| 198|0x0000000718c00000, 0x0000000718e00000, 0x0000000718e00000|100%| S|CS|TAMS 0x0000000718c00000, 0x0000000718c00000| Complete 
| 199|0x0000000718e00000, 0x0000000719000000, 0x0000000719000000|100%| S|CS|TAMS 0x0000000718e00000, 0x0000000718e00000| Complete 
| 200|0x0000000719000000, 0x0000000719200000, 0x0000000719200000|100%| S|CS|TAMS 0x0000000719000000, 0x0000000719000000| Complete 
| 201|0x0000000719200000, 0x0000000719400000, 0x0000000719400000|100%| S|CS|TAMS 0x0000000719200000, 0x0000000719200000| Complete 
| 202|0x0000000719400000, 0x0000000719600000, 0x0000000719600000|100%| S|CS|TAMS 0x0000000719400000, 0x0000000719400000| Complete 
| 203|0x0000000719600000, 0x0000000719800000, 0x0000000719800000|100%| S|CS|TAMS 0x0000000719600000, 0x0000000719600000| Complete 
| 204|0x0000000719800000, 0x0000000719a00000, 0x0000000719a00000|100%| S|CS|TAMS 0x0000000719800000, 0x0000000719800000| Complete 
| 205|0x0000000719a00000, 0x0000000719a00000, 0x0000000719c00000|  0%| F|  |TAMS 0x0000000719a00000, 0x0000000719a00000| Untracked 
| 206|0x0000000719c00000, 0x0000000719c00000, 0x0000000719e00000|  0%| F|  |TAMS 0x0000000719c00000, 0x0000000719c00000| Untracked 
| 207|0x0000000719e00000, 0x0000000719e00000, 0x000000071a000000|  0%| F|  |TAMS 0x0000000719e00000, 0x0000000719e00000| Untracked 
| 208|0x000000071a000000, 0x000000071a000000, 0x000000071a200000|  0%| F|  |TAMS 0x000000071a000000, 0x000000071a000000| Untracked 
| 209|0x000000071a200000, 0x000000071a200000, 0x000000071a400000|  0%| F|  |TAMS 0x000000071a200000, 0x000000071a200000| Untracked 
| 210|0x000000071a400000, 0x000000071a400000, 0x000000071a600000|  0%| F|  |TAMS 0x000000071a400000, 0x000000071a400000| Untracked 
| 211|0x000000071a600000, 0x000000071a600000, 0x000000071a800000|  0%| F|  |TAMS 0x000000071a600000, 0x000000071a600000| Untracked 
| 212|0x000000071a800000, 0x000000071a800000, 0x000000071aa00000|  0%| F|  |TAMS 0x000000071a800000, 0x000000071a800000| Untracked 
| 213|0x000000071aa00000, 0x000000071aa00000, 0x000000071ac00000|  0%| F|  |TAMS 0x000000071aa00000, 0x000000071aa00000| Untracked 
| 214|0x000000071ac00000, 0x000000071ac00000, 0x000000071ae00000|  0%| F|  |TAMS 0x000000071ac00000, 0x000000071ac00000| Untracked 
| 215|0x000000071ae00000, 0x000000071ae00000, 0x000000071b000000|  0%| F|  |TAMS 0x000000071ae00000, 0x000000071ae00000| Untracked 
| 216|0x000000071b000000, 0x000000071b000000, 0x000000071b200000|  0%| F|  |TAMS 0x000000071b000000, 0x000000071b000000| Untracked 
| 217|0x000000071b200000, 0x000000071b200000, 0x000000071b400000|  0%| F|  |TAMS 0x000000071b200000, 0x000000071b200000| Untracked 
| 218|0x000000071b400000, 0x000000071b400000, 0x000000071b600000|  0%| F|  |TAMS 0x000000071b400000, 0x000000071b400000| Untracked 
| 219|0x000000071b600000, 0x000000071b600000, 0x000000071b800000|  0%| F|  |TAMS 0x000000071b600000, 0x000000071b600000| Untracked 
| 220|0x000000071b800000, 0x000000071b800000, 0x000000071ba00000|  0%| F|  |TAMS 0x000000071b800000, 0x000000071b800000| Untracked 
| 221|0x000000071ba00000, 0x000000071ba00000, 0x000000071bc00000|  0%| F|  |TAMS 0x000000071ba00000, 0x000000071ba00000| Untracked 
| 222|0x000000071bc00000, 0x000000071bc00000, 0x000000071be00000|  0%| F|  |TAMS 0x000000071bc00000, 0x000000071bc00000| Untracked 
| 223|0x000000071be00000, 0x000000071be00000, 0x000000071c000000|  0%| F|  |TAMS 0x000000071be00000, 0x000000071be00000| Untracked 
| 224|0x000000071c000000, 0x000000071c000000, 0x000000071c200000|  0%| F|  |TAMS 0x000000071c000000, 0x000000071c000000| Untracked 
| 225|0x000000071c200000, 0x000000071c200000, 0x000000071c400000|  0%| F|  |TAMS 0x000000071c200000, 0x000000071c200000| Untracked 
| 226|0x000000071c400000, 0x000000071c400000, 0x000000071c600000|  0%| F|  |TAMS 0x000000071c400000, 0x000000071c400000| Untracked 
| 227|0x000000071c600000, 0x000000071c600000, 0x000000071c800000|  0%| F|  |TAMS 0x000000071c600000, 0x000000071c600000| Untracked 
| 228|0x000000071c800000, 0x000000071c800000, 0x000000071ca00000|  0%| F|  |TAMS 0x000000071c800000, 0x000000071c800000| Untracked 
| 229|0x000000071ca00000, 0x000000071ca00000, 0x000000071cc00000|  0%| F|  |TAMS 0x000000071ca00000, 0x000000071ca00000| Untracked 
| 230|0x000000071cc00000, 0x000000071cc00000, 0x000000071ce00000|  0%| F|  |TAMS 0x000000071cc00000, 0x000000071cc00000| Untracked 
| 231|0x000000071ce00000, 0x000000071ce00000, 0x000000071d000000|  0%| F|  |TAMS 0x000000071ce00000, 0x000000071ce00000| Untracked 
| 232|0x000000071d000000, 0x000000071d000000, 0x000000071d200000|  0%| F|  |TAMS 0x000000071d000000, 0x000000071d000000| Untracked 
| 233|0x000000071d200000, 0x000000071d200000, 0x000000071d400000|  0%| F|  |TAMS 0x000000071d200000, 0x000000071d200000| Untracked 
| 234|0x000000071d400000, 0x000000071d400000, 0x000000071d600000|  0%| F|  |TAMS 0x000000071d400000, 0x000000071d400000| Untracked 
| 235|0x000000071d600000, 0x000000071d600000, 0x000000071d800000|  0%| F|  |TAMS 0x000000071d600000, 0x000000071d600000| Untracked 
| 236|0x000000071d800000, 0x000000071d800000, 0x000000071da00000|  0%| F|  |TAMS 0x000000071d800000, 0x000000071d800000| Untracked 
| 237|0x000000071da00000, 0x000000071da00000, 0x000000071dc00000|  0%| F|  |TAMS 0x000000071da00000, 0x000000071da00000| Untracked 
| 238|0x000000071dc00000, 0x000000071dc00000, 0x000000071de00000|  0%| F|  |TAMS 0x000000071dc00000, 0x000000071dc00000| Untracked 
| 239|0x000000071de00000, 0x000000071de00000, 0x000000071e000000|  0%| F|  |TAMS 0x000000071de00000, 0x000000071de00000| Untracked 
| 240|0x000000071e000000, 0x000000071e000000, 0x000000071e200000|  0%| F|  |TAMS 0x000000071e000000, 0x000000071e000000| Untracked 
| 241|0x000000071e200000, 0x000000071e200000, 0x000000071e400000|  0%| F|  |TAMS 0x000000071e200000, 0x000000071e200000| Untracked 
| 242|0x000000071e400000, 0x000000071e400000, 0x000000071e600000|  0%| F|  |TAMS 0x000000071e400000, 0x000000071e400000| Untracked 
| 243|0x000000071e600000, 0x000000071e600000, 0x000000071e800000|  0%| F|  |TAMS 0x000000071e600000, 0x000000071e600000| Untracked 
| 244|0x000000071e800000, 0x000000071e800000, 0x000000071ea00000|  0%| F|  |TAMS 0x000000071e800000, 0x000000071e800000| Untracked 
| 245|0x000000071ea00000, 0x000000071ea00000, 0x000000071ec00000|  0%| F|  |TAMS 0x000000071ea00000, 0x000000071ea00000| Untracked 
| 246|0x000000071ec00000, 0x000000071ec00000, 0x000000071ee00000|  0%| F|  |TAMS 0x000000071ec00000, 0x000000071ec00000| Untracked 
| 247|0x000000071ee00000, 0x000000071ee00000, 0x000000071f000000|  0%| F|  |TAMS 0x000000071ee00000, 0x000000071ee00000| Untracked 
| 248|0x000000071f000000, 0x000000071f000000, 0x000000071f200000|  0%| F|  |TAMS 0x000000071f000000, 0x000000071f000000| Untracked 
| 249|0x000000071f200000, 0x000000071f200000, 0x000000071f400000|  0%| F|  |TAMS 0x000000071f200000, 0x000000071f200000| Untracked 
| 250|0x000000071f400000, 0x000000071f400000, 0x000000071f600000|  0%| F|  |TAMS 0x000000071f400000, 0x000000071f400000| Untracked 
| 251|0x000000071f600000, 0x000000071f600000, 0x000000071f800000|  0%| F|  |TAMS 0x000000071f600000, 0x000000071f600000| Untracked 
| 252|0x000000071f800000, 0x000000071f800000, 0x000000071fa00000|  0%| F|  |TAMS 0x000000071f800000, 0x000000071f800000| Untracked 
| 253|0x000000071fa00000, 0x000000071fa00000, 0x000000071fc00000|  0%| F|  |TAMS 0x000000071fa00000, 0x000000071fa00000| Untracked 
| 254|0x000000071fc00000, 0x000000071fc00000, 0x000000071fe00000|  0%| F|  |TAMS 0x000000071fc00000, 0x000000071fc00000| Untracked 
| 255|0x000000071fe00000, 0x000000071fe00000, 0x0000000720000000|  0%| F|  |TAMS 0x000000071fe00000, 0x000000071fe00000| Untracked 
| 256|0x0000000720000000, 0x0000000720000000, 0x0000000720200000|  0%| F|  |TAMS 0x0000000720000000, 0x0000000720000000| Untracked 
| 257|0x0000000720200000, 0x0000000720200000, 0x0000000720400000|  0%| F|  |TAMS 0x0000000720200000, 0x0000000720200000| Untracked 
| 258|0x0000000720400000, 0x0000000720400000, 0x0000000720600000|  0%| F|  |TAMS 0x0000000720400000, 0x0000000720400000| Untracked 
| 259|0x0000000720600000, 0x0000000720600000, 0x0000000720800000|  0%| F|  |TAMS 0x0000000720600000, 0x0000000720600000| Untracked 
| 260|0x0000000720800000, 0x0000000720800000, 0x0000000720a00000|  0%| F|  |TAMS 0x0000000720800000, 0x0000000720800000| Untracked 
| 261|0x0000000720a00000, 0x0000000720a00000, 0x0000000720c00000|  0%| F|  |TAMS 0x0000000720a00000, 0x0000000720a00000| Untracked 
| 262|0x0000000720c00000, 0x0000000720c00000, 0x0000000720e00000|  0%| F|  |TAMS 0x0000000720c00000, 0x0000000720c00000| Untracked 
| 263|0x0000000720e00000, 0x0000000720e00000, 0x0000000721000000|  0%| F|  |TAMS 0x0000000720e00000, 0x0000000720e00000| Untracked 
| 264|0x0000000721000000, 0x0000000721000000, 0x0000000721200000|  0%| F|  |TAMS 0x0000000721000000, 0x0000000721000000| Untracked 
| 265|0x0000000721200000, 0x0000000721200000, 0x0000000721400000|  0%| F|  |TAMS 0x0000000721200000, 0x0000000721200000| Untracked 
| 266|0x0000000721400000, 0x0000000721400000, 0x0000000721600000|  0%| F|  |TAMS 0x0000000721400000, 0x0000000721400000| Untracked 
| 267|0x0000000721600000, 0x0000000721600000, 0x0000000721800000|  0%| F|  |TAMS 0x0000000721600000, 0x0000000721600000| Untracked 
| 268|0x0000000721800000, 0x0000000721800000, 0x0000000721a00000|  0%| F|  |TAMS 0x0000000721800000, 0x0000000721800000| Untracked 
| 269|0x0000000721a00000, 0x0000000721a00000, 0x0000000721c00000|  0%| F|  |TAMS 0x0000000721a00000, 0x0000000721a00000| Untracked 
| 270|0x0000000721c00000, 0x0000000721c00000, 0x0000000721e00000|  0%| F|  |TAMS 0x0000000721c00000, 0x0000000721c00000| Untracked 
| 271|0x0000000721e00000, 0x0000000721e00000, 0x0000000722000000|  0%| F|  |TAMS 0x0000000721e00000, 0x0000000721e00000| Untracked 
| 272|0x0000000722000000, 0x0000000722000000, 0x0000000722200000|  0%| F|  |TAMS 0x0000000722000000, 0x0000000722000000| Untracked 
| 273|0x0000000722200000, 0x0000000722200000, 0x0000000722400000|  0%| F|  |TAMS 0x0000000722200000, 0x0000000722200000| Untracked 
| 274|0x0000000722400000, 0x0000000722400000, 0x0000000722600000|  0%| F|  |TAMS 0x0000000722400000, 0x0000000722400000| Untracked 
| 275|0x0000000722600000, 0x0000000722600000, 0x0000000722800000|  0%| F|  |TAMS 0x0000000722600000, 0x0000000722600000| Untracked 
| 276|0x0000000722800000, 0x0000000722800000, 0x0000000722a00000|  0%| F|  |TAMS 0x0000000722800000, 0x0000000722800000| Untracked 
| 277|0x0000000722a00000, 0x0000000722a00000, 0x0000000722c00000|  0%| F|  |TAMS 0x0000000722a00000, 0x0000000722a00000| Untracked 
| 278|0x0000000722c00000, 0x0000000722c00000, 0x0000000722e00000|  0%| F|  |TAMS 0x0000000722c00000, 0x0000000722c00000| Untracked 
| 279|0x0000000722e00000, 0x0000000722e00000, 0x0000000723000000|  0%| F|  |TAMS 0x0000000722e00000, 0x0000000722e00000| Untracked 
| 280|0x0000000723000000, 0x0000000723000000, 0x0000000723200000|  0%| F|  |TAMS 0x0000000723000000, 0x0000000723000000| Untracked 
| 281|0x0000000723200000, 0x0000000723200000, 0x0000000723400000|  0%| F|  |TAMS 0x0000000723200000, 0x0000000723200000| Untracked 
| 282|0x0000000723400000, 0x0000000723400000, 0x0000000723600000|  0%| F|  |TAMS 0x0000000723400000, 0x0000000723400000| Untracked 
| 283|0x0000000723600000, 0x0000000723600000, 0x0000000723800000|  0%| F|  |TAMS 0x0000000723600000, 0x0000000723600000| Untracked 
| 284|0x0000000723800000, 0x0000000723800000, 0x0000000723a00000|  0%| F|  |TAMS 0x0000000723800000, 0x0000000723800000| Untracked 
| 285|0x0000000723a00000, 0x0000000723a00000, 0x0000000723c00000|  0%| F|  |TAMS 0x0000000723a00000, 0x0000000723a00000| Untracked 
| 286|0x0000000723c00000, 0x0000000723c00000, 0x0000000723e00000|  0%| F|  |TAMS 0x0000000723c00000, 0x0000000723c00000| Untracked 
| 287|0x0000000723e00000, 0x0000000723e00000, 0x0000000724000000|  0%| F|  |TAMS 0x0000000723e00000, 0x0000000723e00000| Untracked 
| 288|0x0000000724000000, 0x0000000724000000, 0x0000000724200000|  0%| F|  |TAMS 0x0000000724000000, 0x0000000724000000| Untracked 
| 289|0x0000000724200000, 0x0000000724200000, 0x0000000724400000|  0%| F|  |TAMS 0x0000000724200000, 0x0000000724200000| Untracked 
| 290|0x0000000724400000, 0x0000000724400000, 0x0000000724600000|  0%| F|  |TAMS 0x0000000724400000, 0x0000000724400000| Untracked 
| 291|0x0000000724600000, 0x0000000724600000, 0x0000000724800000|  0%| F|  |TAMS 0x0000000724600000, 0x0000000724600000| Untracked 
| 292|0x0000000724800000, 0x0000000724800000, 0x0000000724a00000|  0%| F|  |TAMS 0x0000000724800000, 0x0000000724800000| Untracked 
| 293|0x0000000724a00000, 0x0000000724a00000, 0x0000000724c00000|  0%| F|  |TAMS 0x0000000724a00000, 0x0000000724a00000| Untracked 
| 294|0x0000000724c00000, 0x0000000724c00000, 0x0000000724e00000|  0%| F|  |TAMS 0x0000000724c00000, 0x0000000724c00000| Untracked 
| 295|0x0000000724e00000, 0x0000000724e00000, 0x0000000725000000|  0%| F|  |TAMS 0x0000000724e00000, 0x0000000724e00000| Untracked 
| 296|0x0000000725000000, 0x0000000725000000, 0x0000000725200000|  0%| F|  |TAMS 0x0000000725000000, 0x0000000725000000| Untracked 
| 297|0x0000000725200000, 0x0000000725200000, 0x0000000725400000|  0%| F|  |TAMS 0x0000000725200000, 0x0000000725200000| Untracked 
| 298|0x0000000725400000, 0x0000000725400000, 0x0000000725600000|  0%| F|  |TAMS 0x0000000725400000, 0x0000000725400000| Untracked 
| 299|0x0000000725600000, 0x0000000725600000, 0x0000000725800000|  0%| F|  |TAMS 0x0000000725600000, 0x0000000725600000| Untracked 
| 300|0x0000000725800000, 0x0000000725800000, 0x0000000725a00000|  0%| F|  |TAMS 0x0000000725800000, 0x0000000725800000| Untracked 
| 301|0x0000000725a00000, 0x0000000725a00000, 0x0000000725c00000|  0%| F|  |TAMS 0x0000000725a00000, 0x0000000725a00000| Untracked 
| 302|0x0000000725c00000, 0x0000000725c00000, 0x0000000725e00000|  0%| F|  |TAMS 0x0000000725c00000, 0x0000000725c00000| Untracked 
| 303|0x0000000725e00000, 0x0000000725e00000, 0x0000000726000000|  0%| F|  |TAMS 0x0000000725e00000, 0x0000000725e00000| Untracked 
| 304|0x0000000726000000, 0x0000000726000000, 0x0000000726200000|  0%| F|  |TAMS 0x0000000726000000, 0x0000000726000000| Untracked 
| 305|0x0000000726200000, 0x0000000726200000, 0x0000000726400000|  0%| F|  |TAMS 0x0000000726200000, 0x0000000726200000| Untracked 
| 306|0x0000000726400000, 0x0000000726400000, 0x0000000726600000|  0%| F|  |TAMS 0x0000000726400000, 0x0000000726400000| Untracked 
| 307|0x0000000726600000, 0x0000000726600000, 0x0000000726800000|  0%| F|  |TAMS 0x0000000726600000, 0x0000000726600000| Untracked 
| 308|0x0000000726800000, 0x0000000726800000, 0x0000000726a00000|  0%| F|  |TAMS 0x0000000726800000, 0x0000000726800000| Untracked 
| 309|0x0000000726a00000, 0x0000000726a00000, 0x0000000726c00000|  0%| F|  |TAMS 0x0000000726a00000, 0x0000000726a00000| Untracked 
| 310|0x0000000726c00000, 0x0000000726c00000, 0x0000000726e00000|  0%| F|  |TAMS 0x0000000726c00000, 0x0000000726c00000| Untracked 
| 311|0x0000000726e00000, 0x0000000726e00000, 0x0000000727000000|  0%| F|  |TAMS 0x0000000726e00000, 0x0000000726e00000| Untracked 
| 312|0x0000000727000000, 0x0000000727000000, 0x0000000727200000|  0%| F|  |TAMS 0x0000000727000000, 0x0000000727000000| Untracked 
| 313|0x0000000727200000, 0x0000000727200000, 0x0000000727400000|  0%| F|  |TAMS 0x0000000727200000, 0x0000000727200000| Untracked 
| 314|0x0000000727400000, 0x0000000727400000, 0x0000000727600000|  0%| F|  |TAMS 0x0000000727400000, 0x0000000727400000| Untracked 
| 315|0x0000000727600000, 0x0000000727600000, 0x0000000727800000|  0%| F|  |TAMS 0x0000000727600000, 0x0000000727600000| Untracked 
| 316|0x0000000727800000, 0x0000000727800000, 0x0000000727a00000|  0%| F|  |TAMS 0x0000000727800000, 0x0000000727800000| Untracked 
| 317|0x0000000727a00000, 0x0000000727a00000, 0x0000000727c00000|  0%| F|  |TAMS 0x0000000727a00000, 0x0000000727a00000| Untracked 
| 318|0x0000000727c00000, 0x0000000727c00000, 0x0000000727e00000|  0%| F|  |TAMS 0x0000000727c00000, 0x0000000727c00000| Untracked 
| 319|0x0000000727e00000, 0x0000000727e00000, 0x0000000728000000|  0%| F|  |TAMS 0x0000000727e00000, 0x0000000727e00000| Untracked 
| 320|0x0000000728000000, 0x0000000728000000, 0x0000000728200000|  0%| F|  |TAMS 0x0000000728000000, 0x0000000728000000| Untracked 
| 321|0x0000000728200000, 0x0000000728200000, 0x0000000728400000|  0%| F|  |TAMS 0x0000000728200000, 0x0000000728200000| Untracked 
| 322|0x0000000728400000, 0x0000000728400000, 0x0000000728600000|  0%| F|  |TAMS 0x0000000728400000, 0x0000000728400000| Untracked 
| 323|0x0000000728600000, 0x0000000728600000, 0x0000000728800000|  0%| F|  |TAMS 0x0000000728600000, 0x0000000728600000| Untracked 
| 324|0x0000000728800000, 0x0000000728800000, 0x0000000728a00000|  0%| F|  |TAMS 0x0000000728800000, 0x0000000728800000| Untracked 
| 325|0x0000000728a00000, 0x0000000728a00000, 0x0000000728c00000|  0%| F|  |TAMS 0x0000000728a00000, 0x0000000728a00000| Untracked 
| 326|0x0000000728c00000, 0x0000000728c00000, 0x0000000728e00000|  0%| F|  |TAMS 0x0000000728c00000, 0x0000000728c00000| Untracked 
| 327|0x0000000728e00000, 0x0000000728e00000, 0x0000000729000000|  0%| F|  |TAMS 0x0000000728e00000, 0x0000000728e00000| Untracked 
| 328|0x0000000729000000, 0x0000000729000000, 0x0000000729200000|  0%| F|  |TAMS 0x0000000729000000, 0x0000000729000000| Untracked 
| 329|0x0000000729200000, 0x0000000729200000, 0x0000000729400000|  0%| F|  |TAMS 0x0000000729200000, 0x0000000729200000| Untracked 
| 330|0x0000000729400000, 0x0000000729400000, 0x0000000729600000|  0%| F|  |TAMS 0x0000000729400000, 0x0000000729400000| Untracked 
| 331|0x0000000729600000, 0x0000000729600000, 0x0000000729800000|  0%| F|  |TAMS 0x0000000729600000, 0x0000000729600000| Untracked 
| 332|0x0000000729800000, 0x0000000729800000, 0x0000000729a00000|  0%| F|  |TAMS 0x0000000729800000, 0x0000000729800000| Untracked 
| 333|0x0000000729a00000, 0x0000000729a00000, 0x0000000729c00000|  0%| F|  |TAMS 0x0000000729a00000, 0x0000000729a00000| Untracked 
| 334|0x0000000729c00000, 0x0000000729c00000, 0x0000000729e00000|  0%| F|  |TAMS 0x0000000729c00000, 0x0000000729c00000| Untracked 
| 335|0x0000000729e00000, 0x0000000729e00000, 0x000000072a000000|  0%| F|  |TAMS 0x0000000729e00000, 0x0000000729e00000| Untracked 
| 336|0x000000072a000000, 0x000000072a000000, 0x000000072a200000|  0%| F|  |TAMS 0x000000072a000000, 0x000000072a000000| Untracked 
| 337|0x000000072a200000, 0x000000072a200000, 0x000000072a400000|  0%| F|  |TAMS 0x000000072a200000, 0x000000072a200000| Untracked 
| 338|0x000000072a400000, 0x000000072a400000, 0x000000072a600000|  0%| F|  |TAMS 0x000000072a400000, 0x000000072a400000| Untracked 
| 339|0x000000072a600000, 0x000000072a600000, 0x000000072a800000|  0%| F|  |TAMS 0x000000072a600000, 0x000000072a600000| Untracked 
| 340|0x000000072a800000, 0x000000072a800000, 0x000000072aa00000|  0%| F|  |TAMS 0x000000072a800000, 0x000000072a800000| Untracked 
| 341|0x000000072aa00000, 0x000000072aa00000, 0x000000072ac00000|  0%| F|  |TAMS 0x000000072aa00000, 0x000000072aa00000| Untracked 
| 342|0x000000072ac00000, 0x000000072ac00000, 0x000000072ae00000|  0%| F|  |TAMS 0x000000072ac00000, 0x000000072ac00000| Untracked 
| 343|0x000000072ae00000, 0x000000072ae00000, 0x000000072b000000|  0%| F|  |TAMS 0x000000072ae00000, 0x000000072ae00000| Untracked 
| 344|0x000000072b000000, 0x000000072b000000, 0x000000072b200000|  0%| F|  |TAMS 0x000000072b000000, 0x000000072b000000| Untracked 
| 345|0x000000072b200000, 0x000000072b200000, 0x000000072b400000|  0%| F|  |TAMS 0x000000072b200000, 0x000000072b200000| Untracked 
| 346|0x000000072b400000, 0x000000072b400000, 0x000000072b600000|  0%| F|  |TAMS 0x000000072b400000, 0x000000072b400000| Untracked 
| 347|0x000000072b600000, 0x000000072b600000, 0x000000072b800000|  0%| F|  |TAMS 0x000000072b600000, 0x000000072b600000| Untracked 
| 348|0x000000072b800000, 0x000000072b800000, 0x000000072ba00000|  0%| F|  |TAMS 0x000000072b800000, 0x000000072b800000| Untracked 
| 349|0x000000072ba00000, 0x000000072ba00000, 0x000000072bc00000|  0%| F|  |TAMS 0x000000072ba00000, 0x000000072ba00000| Untracked 
| 350|0x000000072bc00000, 0x000000072bc00000, 0x000000072be00000|  0%| F|  |TAMS 0x000000072bc00000, 0x000000072bc00000| Untracked 
| 351|0x000000072be00000, 0x000000072be00000, 0x000000072c000000|  0%| F|  |TAMS 0x000000072be00000, 0x000000072be00000| Untracked 
| 352|0x000000072c000000, 0x000000072c000000, 0x000000072c200000|  0%| F|  |TAMS 0x000000072c000000, 0x000000072c000000| Untracked 
| 353|0x000000072c200000, 0x000000072c200000, 0x000000072c400000|  0%| F|  |TAMS 0x000000072c200000, 0x000000072c200000| Untracked 
| 354|0x000000072c400000, 0x000000072c400000, 0x000000072c600000|  0%| F|  |TAMS 0x000000072c400000, 0x000000072c400000| Untracked 
| 355|0x000000072c600000, 0x000000072c600000, 0x000000072c800000|  0%| F|  |TAMS 0x000000072c600000, 0x000000072c600000| Untracked 
| 356|0x000000072c800000, 0x000000072c800000, 0x000000072ca00000|  0%| F|  |TAMS 0x000000072c800000, 0x000000072c800000| Untracked 
| 357|0x000000072ca00000, 0x000000072ca00000, 0x000000072cc00000|  0%| F|  |TAMS 0x000000072ca00000, 0x000000072ca00000| Untracked 
| 358|0x000000072cc00000, 0x000000072cc00000, 0x000000072ce00000|  0%| F|  |TAMS 0x000000072cc00000, 0x000000072cc00000| Untracked 
| 359|0x000000072ce00000, 0x000000072ce00000, 0x000000072d000000|  0%| F|  |TAMS 0x000000072ce00000, 0x000000072ce00000| Untracked 
| 360|0x000000072d000000, 0x000000072d000000, 0x000000072d200000|  0%| F|  |TAMS 0x000000072d000000, 0x000000072d000000| Untracked 
| 361|0x000000072d200000, 0x000000072d200000, 0x000000072d400000|  0%| F|  |TAMS 0x000000072d200000, 0x000000072d200000| Untracked 
| 362|0x000000072d400000, 0x000000072d400000, 0x000000072d600000|  0%| F|  |TAMS 0x000000072d400000, 0x000000072d400000| Untracked 
| 363|0x000000072d600000, 0x000000072d600000, 0x000000072d800000|  0%| F|  |TAMS 0x000000072d600000, 0x000000072d600000| Untracked 
| 364|0x000000072d800000, 0x000000072d800000, 0x000000072da00000|  0%| F|  |TAMS 0x000000072d800000, 0x000000072d800000| Untracked 
| 365|0x000000072da00000, 0x000000072da00000, 0x000000072dc00000|  0%| F|  |TAMS 0x000000072da00000, 0x000000072da00000| Untracked 
| 366|0x000000072dc00000, 0x000000072dc00000, 0x000000072de00000|  0%| F|  |TAMS 0x000000072dc00000, 0x000000072dc00000| Untracked 
| 367|0x000000072de00000, 0x000000072de00000, 0x000000072e000000|  0%| F|  |TAMS 0x000000072de00000, 0x000000072de00000| Untracked 
| 368|0x000000072e000000, 0x000000072e200000, 0x000000072e200000|100%| E|  |TAMS 0x000000072e000000, 0x000000072e000000| Complete 
| 369|0x000000072e200000, 0x000000072e400000, 0x000000072e400000|100%| E|CS|TAMS 0x000000072e200000, 0x000000072e200000| Complete 
| 370|0x000000072e400000, 0x000000072e600000, 0x000000072e600000|100%| E|CS|TAMS 0x000000072e400000, 0x000000072e400000| Complete 
| 371|0x000000072e600000, 0x000000072e800000, 0x000000072e800000|100%| E|CS|TAMS 0x000000072e600000, 0x000000072e600000| Complete 
| 372|0x000000072e800000, 0x000000072ea00000, 0x000000072ea00000|100%| E|CS|TAMS 0x000000072e800000, 0x000000072e800000| Complete 
| 373|0x000000072ea00000, 0x000000072ec00000, 0x000000072ec00000|100%| E|CS|TAMS 0x000000072ea00000, 0x000000072ea00000| Complete 
| 374|0x000000072ec00000, 0x000000072ee00000, 0x000000072ee00000|100%| E|CS|TAMS 0x000000072ec00000, 0x000000072ec00000| Complete 
| 375|0x000000072ee00000, 0x000000072f000000, 0x000000072f000000|100%| E|CS|TAMS 0x000000072ee00000, 0x000000072ee00000| Complete 
| 376|0x000000072f000000, 0x000000072f200000, 0x000000072f200000|100%| E|CS|TAMS 0x000000072f000000, 0x000000072f000000| Complete 
| 377|0x000000072f200000, 0x000000072f400000, 0x000000072f400000|100%| E|CS|TAMS 0x000000072f200000, 0x000000072f200000| Complete 
| 378|0x000000072f400000, 0x000000072f600000, 0x000000072f600000|100%| E|CS|TAMS 0x000000072f400000, 0x000000072f400000| Complete 
| 379|0x000000072f600000, 0x000000072f800000, 0x000000072f800000|100%| E|CS|TAMS 0x000000072f600000, 0x000000072f600000| Complete 
| 380|0x000000072f800000, 0x000000072fa00000, 0x000000072fa00000|100%| E|CS|TAMS 0x000000072f800000, 0x000000072f800000| Complete 
| 381|0x000000072fa00000, 0x000000072fc00000, 0x000000072fc00000|100%| E|CS|TAMS 0x000000072fa00000, 0x000000072fa00000| Complete 
| 382|0x000000072fc00000, 0x000000072fe00000, 0x000000072fe00000|100%| E|CS|TAMS 0x000000072fc00000, 0x000000072fc00000| Complete 
| 383|0x000000072fe00000, 0x0000000730000000, 0x0000000730000000|100%| E|CS|TAMS 0x000000072fe00000, 0x000000072fe00000| Complete 
| 384|0x0000000730000000, 0x0000000730200000, 0x0000000730200000|100%| E|CS|TAMS 0x0000000730000000, 0x0000000730000000| Complete 
| 385|0x0000000730200000, 0x0000000730400000, 0x0000000730400000|100%| E|CS|TAMS 0x0000000730200000, 0x0000000730200000| Complete 
| 386|0x0000000730400000, 0x0000000730600000, 0x0000000730600000|100%| E|CS|TAMS 0x0000000730400000, 0x0000000730400000| Complete 
| 387|0x0000000730600000, 0x0000000730800000, 0x0000000730800000|100%| E|CS|TAMS 0x0000000730600000, 0x0000000730600000| Complete 
| 388|0x0000000730800000, 0x0000000730a00000, 0x0000000730a00000|100%| E|CS|TAMS 0x0000000730800000, 0x0000000730800000| Complete 
| 389|0x0000000730a00000, 0x0000000730c00000, 0x0000000730c00000|100%| E|CS|TAMS 0x0000000730a00000, 0x0000000730a00000| Complete 
| 390|0x0000000730c00000, 0x0000000730e00000, 0x0000000730e00000|100%| E|CS|TAMS 0x0000000730c00000, 0x0000000730c00000| Complete 
| 391|0x0000000730e00000, 0x0000000731000000, 0x0000000731000000|100%| E|CS|TAMS 0x0000000730e00000, 0x0000000730e00000| Complete 
| 392|0x0000000731000000, 0x0000000731200000, 0x0000000731200000|100%| E|CS|TAMS 0x0000000731000000, 0x0000000731000000| Complete 
| 393|0x0000000731200000, 0x0000000731400000, 0x0000000731400000|100%| E|CS|TAMS 0x0000000731200000, 0x0000000731200000| Complete 
| 394|0x0000000731400000, 0x0000000731600000, 0x0000000731600000|100%| E|CS|TAMS 0x0000000731400000, 0x0000000731400000| Complete 
| 395|0x0000000731600000, 0x0000000731800000, 0x0000000731800000|100%| E|CS|TAMS 0x0000000731600000, 0x0000000731600000| Complete 
| 396|0x0000000731800000, 0x0000000731a00000, 0x0000000731a00000|100%| E|CS|TAMS 0x0000000731800000, 0x0000000731800000| Complete 
| 397|0x0000000731a00000, 0x0000000731c00000, 0x0000000731c00000|100%| E|CS|TAMS 0x0000000731a00000, 0x0000000731a00000| Complete 
| 398|0x0000000731c00000, 0x0000000731e00000, 0x0000000731e00000|100%| E|CS|TAMS 0x0000000731c00000, 0x0000000731c00000| Complete 
| 399|0x0000000731e00000, 0x0000000732000000, 0x0000000732000000|100%| E|CS|TAMS 0x0000000731e00000, 0x0000000731e00000| Complete 
| 400|0x0000000732000000, 0x0000000732200000, 0x0000000732200000|100%| E|CS|TAMS 0x0000000732000000, 0x0000000732000000| Complete 
| 401|0x0000000732200000, 0x0000000732400000, 0x0000000732400000|100%| E|CS|TAMS 0x0000000732200000, 0x0000000732200000| Complete 
| 402|0x0000000732400000, 0x0000000732600000, 0x0000000732600000|100%| E|CS|TAMS 0x0000000732400000, 0x0000000732400000| Complete 
| 403|0x0000000732600000, 0x0000000732800000, 0x0000000732800000|100%| E|CS|TAMS 0x0000000732600000, 0x0000000732600000| Complete 
| 404|0x0000000732800000, 0x0000000732a00000, 0x0000000732a00000|100%| E|CS|TAMS 0x0000000732800000, 0x0000000732800000| Complete 
| 405|0x0000000732a00000, 0x0000000732c00000, 0x0000000732c00000|100%| E|CS|TAMS 0x0000000732a00000, 0x0000000732a00000| Complete 
| 406|0x0000000732c00000, 0x0000000732e00000, 0x0000000732e00000|100%| E|CS|TAMS 0x0000000732c00000, 0x0000000732c00000| Complete 
| 407|0x0000000732e00000, 0x0000000733000000, 0x0000000733000000|100%| E|CS|TAMS 0x0000000732e00000, 0x0000000732e00000| Complete 
| 408|0x0000000733000000, 0x0000000733200000, 0x0000000733200000|100%| E|CS|TAMS 0x0000000733000000, 0x0000000733000000| Complete 
| 409|0x0000000733200000, 0x0000000733400000, 0x0000000733400000|100%| E|CS|TAMS 0x0000000733200000, 0x0000000733200000| Complete 
| 410|0x0000000733400000, 0x0000000733600000, 0x0000000733600000|100%| E|CS|TAMS 0x0000000733400000, 0x0000000733400000| Complete 
| 411|0x0000000733600000, 0x0000000733800000, 0x0000000733800000|100%| E|CS|TAMS 0x0000000733600000, 0x0000000733600000| Complete 
| 412|0x0000000733800000, 0x0000000733a00000, 0x0000000733a00000|100%| E|CS|TAMS 0x0000000733800000, 0x0000000733800000| Complete 
| 413|0x0000000733a00000, 0x0000000733c00000, 0x0000000733c00000|100%| E|CS|TAMS 0x0000000733a00000, 0x0000000733a00000| Complete 
| 414|0x0000000733c00000, 0x0000000733e00000, 0x0000000733e00000|100%| E|CS|TAMS 0x0000000733c00000, 0x0000000733c00000| Complete 
| 415|0x0000000733e00000, 0x0000000734000000, 0x0000000734000000|100%| E|CS|TAMS 0x0000000733e00000, 0x0000000733e00000| Complete 
| 416|0x0000000734000000, 0x0000000734200000, 0x0000000734200000|100%| E|CS|TAMS 0x0000000734000000, 0x0000000734000000| Complete 
| 417|0x0000000734200000, 0x0000000734400000, 0x0000000734400000|100%| E|CS|TAMS 0x0000000734200000, 0x0000000734200000| Complete 
| 418|0x0000000734400000, 0x0000000734600000, 0x0000000734600000|100%| E|CS|TAMS 0x0000000734400000, 0x0000000734400000| Complete 
| 419|0x0000000734600000, 0x0000000734800000, 0x0000000734800000|100%| E|CS|TAMS 0x0000000734600000, 0x0000000734600000| Complete 
| 420|0x0000000734800000, 0x0000000734a00000, 0x0000000734a00000|100%| E|CS|TAMS 0x0000000734800000, 0x0000000734800000| Complete 
| 421|0x0000000734a00000, 0x0000000734c00000, 0x0000000734c00000|100%| E|CS|TAMS 0x0000000734a00000, 0x0000000734a00000| Complete 
| 422|0x0000000734c00000, 0x0000000734e00000, 0x0000000734e00000|100%| E|CS|TAMS 0x0000000734c00000, 0x0000000734c00000| Complete 
| 423|0x0000000734e00000, 0x0000000735000000, 0x0000000735000000|100%| E|CS|TAMS 0x0000000734e00000, 0x0000000734e00000| Complete 
| 424|0x0000000735000000, 0x0000000735200000, 0x0000000735200000|100%| E|CS|TAMS 0x0000000735000000, 0x0000000735000000| Complete 
| 425|0x0000000735200000, 0x0000000735400000, 0x0000000735400000|100%| E|CS|TAMS 0x0000000735200000, 0x0000000735200000| Complete 
| 426|0x0000000735400000, 0x0000000735600000, 0x0000000735600000|100%| E|CS|TAMS 0x0000000735400000, 0x0000000735400000| Complete 
| 427|0x0000000735600000, 0x0000000735800000, 0x0000000735800000|100%| E|CS|TAMS 0x0000000735600000, 0x0000000735600000| Complete 
| 428|0x0000000735800000, 0x0000000735a00000, 0x0000000735a00000|100%| E|CS|TAMS 0x0000000735800000, 0x0000000735800000| Complete 
| 429|0x0000000735a00000, 0x0000000735c00000, 0x0000000735c00000|100%| E|CS|TAMS 0x0000000735a00000, 0x0000000735a00000| Complete 
| 430|0x0000000735c00000, 0x0000000735e00000, 0x0000000735e00000|100%| E|CS|TAMS 0x0000000735c00000, 0x0000000735c00000| Complete 
| 431|0x0000000735e00000, 0x0000000736000000, 0x0000000736000000|100%| E|CS|TAMS 0x0000000735e00000, 0x0000000735e00000| Complete 
| 432|0x0000000736000000, 0x0000000736200000, 0x0000000736200000|100%| E|CS|TAMS 0x0000000736000000, 0x0000000736000000| Complete 
| 433|0x0000000736200000, 0x0000000736400000, 0x0000000736400000|100%| E|CS|TAMS 0x0000000736200000, 0x0000000736200000| Complete 
| 434|0x0000000736400000, 0x0000000736600000, 0x0000000736600000|100%| E|CS|TAMS 0x0000000736400000, 0x0000000736400000| Complete 
| 435|0x0000000736600000, 0x0000000736800000, 0x0000000736800000|100%| E|CS|TAMS 0x0000000736600000, 0x0000000736600000| Complete 
| 436|0x0000000736800000, 0x0000000736a00000, 0x0000000736a00000|100%| E|CS|TAMS 0x0000000736800000, 0x0000000736800000| Complete 
| 437|0x0000000736a00000, 0x0000000736c00000, 0x0000000736c00000|100%| E|CS|TAMS 0x0000000736a00000, 0x0000000736a00000| Complete 
| 438|0x0000000736c00000, 0x0000000736e00000, 0x0000000736e00000|100%| E|CS|TAMS 0x0000000736c00000, 0x0000000736c00000| Complete 
| 439|0x0000000736e00000, 0x0000000737000000, 0x0000000737000000|100%| E|CS|TAMS 0x0000000736e00000, 0x0000000736e00000| Complete 
| 440|0x0000000737000000, 0x0000000737200000, 0x0000000737200000|100%| E|CS|TAMS 0x0000000737000000, 0x0000000737000000| Complete 
| 441|0x0000000737200000, 0x0000000737400000, 0x0000000737400000|100%| E|CS|TAMS 0x0000000737200000, 0x0000000737200000| Complete 
| 442|0x0000000737400000, 0x0000000737600000, 0x0000000737600000|100%| E|CS|TAMS 0x0000000737400000, 0x0000000737400000| Complete 
| 443|0x0000000737600000, 0x0000000737800000, 0x0000000737800000|100%| E|CS|TAMS 0x0000000737600000, 0x0000000737600000| Complete 
| 444|0x0000000737800000, 0x0000000737a00000, 0x0000000737a00000|100%| E|CS|TAMS 0x0000000737800000, 0x0000000737800000| Complete 
| 445|0x0000000737a00000, 0x0000000737c00000, 0x0000000737c00000|100%| E|CS|TAMS 0x0000000737a00000, 0x0000000737a00000| Complete 
| 446|0x0000000737c00000, 0x0000000737e00000, 0x0000000737e00000|100%| E|CS|TAMS 0x0000000737c00000, 0x0000000737c00000| Complete 
| 447|0x0000000737e00000, 0x0000000738000000, 0x0000000738000000|100%| E|CS|TAMS 0x0000000737e00000, 0x0000000737e00000| Complete 
| 448|0x0000000738000000, 0x0000000738200000, 0x0000000738200000|100%| E|CS|TAMS 0x0000000738000000, 0x0000000738000000| Complete 
| 449|0x0000000738200000, 0x0000000738400000, 0x0000000738400000|100%| E|CS|TAMS 0x0000000738200000, 0x0000000738200000| Complete 
| 450|0x0000000738400000, 0x0000000738600000, 0x0000000738600000|100%| E|CS|TAMS 0x0000000738400000, 0x0000000738400000| Complete 
| 451|0x0000000738600000, 0x0000000738800000, 0x0000000738800000|100%| E|CS|TAMS 0x0000000738600000, 0x0000000738600000| Complete 
| 452|0x0000000738800000, 0x0000000738a00000, 0x0000000738a00000|100%| E|CS|TAMS 0x0000000738800000, 0x0000000738800000| Complete 
| 453|0x0000000738a00000, 0x0000000738c00000, 0x0000000738c00000|100%| E|CS|TAMS 0x0000000738a00000, 0x0000000738a00000| Complete 
| 454|0x0000000738c00000, 0x0000000738e00000, 0x0000000738e00000|100%| E|CS|TAMS 0x0000000738c00000, 0x0000000738c00000| Complete 
| 455|0x0000000738e00000, 0x0000000739000000, 0x0000000739000000|100%| E|CS|TAMS 0x0000000738e00000, 0x0000000738e00000| Complete 
| 456|0x0000000739000000, 0x0000000739200000, 0x0000000739200000|100%| E|CS|TAMS 0x0000000739000000, 0x0000000739000000| Complete 
| 457|0x0000000739200000, 0x0000000739400000, 0x0000000739400000|100%| E|CS|TAMS 0x0000000739200000, 0x0000000739200000| Complete 
| 458|0x0000000739400000, 0x0000000739600000, 0x0000000739600000|100%| E|CS|TAMS 0x0000000739400000, 0x0000000739400000| Complete 
| 459|0x0000000739600000, 0x0000000739800000, 0x0000000739800000|100%| E|CS|TAMS 0x0000000739600000, 0x0000000739600000| Complete 
| 460|0x0000000739800000, 0x0000000739a00000, 0x0000000739a00000|100%| E|CS|TAMS 0x0000000739800000, 0x0000000739800000| Complete 
| 461|0x0000000739a00000, 0x0000000739c00000, 0x0000000739c00000|100%| E|CS|TAMS 0x0000000739a00000, 0x0000000739a00000| Complete 
| 462|0x0000000739c00000, 0x0000000739e00000, 0x0000000739e00000|100%| E|CS|TAMS 0x0000000739c00000, 0x0000000739c00000| Complete 
| 463|0x0000000739e00000, 0x000000073a000000, 0x000000073a000000|100%| E|CS|TAMS 0x0000000739e00000, 0x0000000739e00000| Complete 
| 464|0x000000073a000000, 0x000000073a200000, 0x000000073a200000|100%| E|CS|TAMS 0x000000073a000000, 0x000000073a000000| Complete 
| 465|0x000000073a200000, 0x000000073a400000, 0x000000073a400000|100%| E|CS|TAMS 0x000000073a200000, 0x000000073a200000| Complete 
| 466|0x000000073a400000, 0x000000073a600000, 0x000000073a600000|100%| E|CS|TAMS 0x000000073a400000, 0x000000073a400000| Complete 
| 467|0x000000073a600000, 0x000000073a800000, 0x000000073a800000|100%| E|CS|TAMS 0x000000073a600000, 0x000000073a600000| Complete 
| 468|0x000000073a800000, 0x000000073aa00000, 0x000000073aa00000|100%| E|CS|TAMS 0x000000073a800000, 0x000000073a800000| Complete 
| 469|0x000000073aa00000, 0x000000073ac00000, 0x000000073ac00000|100%| E|CS|TAMS 0x000000073aa00000, 0x000000073aa00000| Complete 
| 470|0x000000073ac00000, 0x000000073ae00000, 0x000000073ae00000|100%| E|CS|TAMS 0x000000073ac00000, 0x000000073ac00000| Complete 
| 471|0x000000073ae00000, 0x000000073b000000, 0x000000073b000000|100%| E|CS|TAMS 0x000000073ae00000, 0x000000073ae00000| Complete 
| 472|0x000000073b000000, 0x000000073b200000, 0x000000073b200000|100%| E|CS|TAMS 0x000000073b000000, 0x000000073b000000| Complete 
| 473|0x000000073b200000, 0x000000073b400000, 0x000000073b400000|100%| E|CS|TAMS 0x000000073b200000, 0x000000073b200000| Complete 
| 474|0x000000073b400000, 0x000000073b600000, 0x000000073b600000|100%| E|CS|TAMS 0x000000073b400000, 0x000000073b400000| Complete 
| 475|0x000000073b600000, 0x000000073b800000, 0x000000073b800000|100%| E|CS|TAMS 0x000000073b600000, 0x000000073b600000| Complete 
| 476|0x000000073b800000, 0x000000073ba00000, 0x000000073ba00000|100%| E|CS|TAMS 0x000000073b800000, 0x000000073b800000| Complete 
| 477|0x000000073ba00000, 0x000000073bc00000, 0x000000073bc00000|100%| E|CS|TAMS 0x000000073ba00000, 0x000000073ba00000| Complete 
| 478|0x000000073bc00000, 0x000000073be00000, 0x000000073be00000|100%| E|CS|TAMS 0x000000073bc00000, 0x000000073bc00000| Complete 
| 479|0x000000073be00000, 0x000000073c000000, 0x000000073c000000|100%| E|CS|TAMS 0x000000073be00000, 0x000000073be00000| Complete 
| 480|0x000000073c000000, 0x000000073c200000, 0x000000073c200000|100%| E|CS|TAMS 0x000000073c000000, 0x000000073c000000| Complete 
| 481|0x000000073c200000, 0x000000073c400000, 0x000000073c400000|100%| E|CS|TAMS 0x000000073c200000, 0x000000073c200000| Complete 
| 482|0x000000073c400000, 0x000000073c600000, 0x000000073c600000|100%| E|CS|TAMS 0x000000073c400000, 0x000000073c400000| Complete 
| 483|0x000000073c600000, 0x000000073c800000, 0x000000073c800000|100%| E|CS|TAMS 0x000000073c600000, 0x000000073c600000| Complete 
| 484|0x000000073c800000, 0x000000073ca00000, 0x000000073ca00000|100%| E|CS|TAMS 0x000000073c800000, 0x000000073c800000| Complete 
| 485|0x000000073ca00000, 0x000000073cc00000, 0x000000073cc00000|100%| E|CS|TAMS 0x000000073ca00000, 0x000000073ca00000| Complete 
| 486|0x000000073cc00000, 0x000000073ce00000, 0x000000073ce00000|100%| E|CS|TAMS 0x000000073cc00000, 0x000000073cc00000| Complete 
| 487|0x000000073ce00000, 0x000000073d000000, 0x000000073d000000|100%| E|CS|TAMS 0x000000073ce00000, 0x000000073ce00000| Complete 
| 488|0x000000073d000000, 0x000000073d200000, 0x000000073d200000|100%| E|CS|TAMS 0x000000073d000000, 0x000000073d000000| Complete 
| 489|0x000000073d200000, 0x000000073d400000, 0x000000073d400000|100%| E|CS|TAMS 0x000000073d200000, 0x000000073d200000| Complete 
| 490|0x000000073d400000, 0x000000073d600000, 0x000000073d600000|100%| E|CS|TAMS 0x000000073d400000, 0x000000073d400000| Complete 
| 491|0x000000073d600000, 0x000000073d800000, 0x000000073d800000|100%| E|CS|TAMS 0x000000073d600000, 0x000000073d600000| Complete 
| 492|0x000000073d800000, 0x000000073da00000, 0x000000073da00000|100%| E|CS|TAMS 0x000000073d800000, 0x000000073d800000| Complete 
| 493|0x000000073da00000, 0x000000073dc00000, 0x000000073dc00000|100%| E|CS|TAMS 0x000000073da00000, 0x000000073da00000| Complete 
| 494|0x000000073dc00000, 0x000000073de00000, 0x000000073de00000|100%| E|CS|TAMS 0x000000073dc00000, 0x000000073dc00000| Complete 
| 495|0x000000073de00000, 0x000000073e000000, 0x000000073e000000|100%| E|CS|TAMS 0x000000073de00000, 0x000000073de00000| Complete 
| 496|0x000000073e000000, 0x000000073e200000, 0x000000073e200000|100%| E|CS|TAMS 0x000000073e000000, 0x000000073e000000| Complete 
| 497|0x000000073e200000, 0x000000073e400000, 0x000000073e400000|100%| E|CS|TAMS 0x000000073e200000, 0x000000073e200000| Complete 
| 498|0x000000073e400000, 0x000000073e600000, 0x000000073e600000|100%| E|CS|TAMS 0x000000073e400000, 0x000000073e400000| Complete 
| 499|0x000000073e600000, 0x000000073e800000, 0x000000073e800000|100%| E|CS|TAMS 0x000000073e600000, 0x000000073e600000| Complete 
| 500|0x000000073e800000, 0x000000073ea00000, 0x000000073ea00000|100%| E|CS|TAMS 0x000000073e800000, 0x000000073e800000| Complete 
| 501|0x000000073ea00000, 0x000000073ec00000, 0x000000073ec00000|100%| E|CS|TAMS 0x000000073ea00000, 0x000000073ea00000| Complete 
| 502|0x000000073ec00000, 0x000000073ee00000, 0x000000073ee00000|100%| E|CS|TAMS 0x000000073ec00000, 0x000000073ec00000| Complete 
| 503|0x000000073ee00000, 0x000000073f000000, 0x000000073f000000|100%| E|CS|TAMS 0x000000073ee00000, 0x000000073ee00000| Complete 
| 504|0x000000073f000000, 0x000000073f200000, 0x000000073f200000|100%| E|CS|TAMS 0x000000073f000000, 0x000000073f000000| Complete 
| 505|0x000000073f200000, 0x000000073f400000, 0x000000073f400000|100%| E|CS|TAMS 0x000000073f200000, 0x000000073f200000| Complete 
| 506|0x000000073f400000, 0x000000073f600000, 0x000000073f600000|100%| E|CS|TAMS 0x000000073f400000, 0x000000073f400000| Complete 
| 507|0x000000073f600000, 0x000000073f800000, 0x000000073f800000|100%| E|CS|TAMS 0x000000073f600000, 0x000000073f600000| Complete 
| 508|0x000000073f800000, 0x000000073fa00000, 0x000000073fa00000|100%| E|CS|TAMS 0x000000073f800000, 0x000000073f800000| Complete 
| 509|0x000000073fa00000, 0x000000073fc00000, 0x000000073fc00000|100%| E|CS|TAMS 0x000000073fa00000, 0x000000073fa00000| Complete 
| 510|0x000000073fc00000, 0x000000073fe00000, 0x000000073fe00000|100%| E|CS|TAMS 0x000000073fc00000, 0x000000073fc00000| Complete 
| 511|0x000000073fe00000, 0x0000000740000000, 0x0000000740000000|100%| E|CS|TAMS 0x000000073fe00000, 0x000000073fe00000| Complete 

Card table byte_map: [0x0000011749ae0000,0x000001174a2e0000] _byte_map_base: 0x00000117462e0000

Marking Bits (Prev, Next): (CMBitMap*) 0x000001173bfeb100, (CMBitMap*) 0x000001173bfeb0c0
 Prev Bits: [0x000001174eae0000, 0x0000011752ae0000)
 Next Bits: [0x000001174aae0000, 0x000001174eae0000)

Polling page: 0x000001173c1b0000

Metaspace:

Usage:
  Non-class:     72.65 MB used.
      Class:     10.60 MB used.
       Both:     83.25 MB used.

Virtual space:
  Non-class space:      128.00 MB reserved,      72.94 MB ( 57%) committed,  2 nodes.
      Class space:      832.00 MB reserved,      10.88 MB (  1%) committed,  1 nodes.
             Both:      960.00 MB reserved,      83.81 MB (  9%) committed. 

Chunk freelists:
   Non-Class:  6.92 MB
       Class:  5.16 MB
        Both:  12.08 MB

MaxMetaspaceSize: 1.00 GB
CompressedClassSpaceSize: 832.00 MB
Initial GC threshold: 21.00 MB
Current GC threshold: 99.06 MB
CDS: on
MetaspaceReclaimPolicy: balanced
 - commit_granule_bytes: 65536.
 - commit_granule_words: 8192.
 - virtual_space_node_default_size: 8388608.
 - enlarge_chunks_in_place: 1.
 - new_chunks_are_fully_committed: 0.
 - uncommit_free_chunks: 1.
 - use_allocation_guard: 0.
 - handle_deallocations: 1.


Internal statistics:

num_allocs_failed_limit: 9.
num_arena_births: 892.
num_arena_deaths: 0.
num_vsnodes_births: 3.
num_vsnodes_deaths: 0.
num_space_committed: 1341.
num_space_uncommitted: 0.
num_chunks_returned_to_freelist: 9.
num_chunks_taken_from_freelist: 3852.
num_chunk_merges: 9.
num_chunk_splits: 2978.
num_chunks_enlarged: 2458.
num_inconsistent_stats: 0.

CodeCache: size=49152Kb used=19324Kb max_used=19324Kb free=29828Kb
 bounds [0x0000011745a60000, 0x0000011746d40000, 0x0000011748a60000]
 total_blobs=9872 nmethods=9136 adapters=658
 compilation: enabled
              stopped_count=0, restarted_count=0
 full_count=0

Compilation events (20 events):
Event: 6.950 Thread 0x0000011755fddca0 nmethod 9126 0x0000011746d37090 code [0x0000011746d37220, 0x0000011746d37328]
Event: 6.950 Thread 0x000001175609f6c0 9130   !   1       org.hibernate.internal.util.ReflectHelper::getDefaultConstructor (41 bytes)
Event: 6.950 Thread 0x0000011755fddca0 9131   !   1       jdk.internal.reflect.GeneratedConstructorAccessor70::newInstance (77 bytes)
Event: 6.950 Thread 0x000001175d226e50 nmethod 9127 0x0000011746d37410 code [0x0000011746d375e0, 0x0000011746d379d8]
Event: 6.950 Thread 0x0000011755fddca0 nmethod 9131 0x0000011746d37c10 code [0x0000011746d37e20, 0x0000011746d38348]
Event: 6.950 Thread 0x000001175600ac40 nmethod 9129 0x0000011746d38690 code [0x0000011746d38880, 0x0000011746d38c38]
Event: 6.950 Thread 0x000001175609f6c0 nmethod 9130 0x0000011746d38e90 code [0x0000011746d39100, 0x0000011746d39718]
Event: 6.951 Thread 0x000001175b2bcff0 nmethod 9128 0x0000011746d39d90 code [0x0000011746d3a000, 0x0000011746d3aa38]
Event: 6.954 Thread 0x000001175b2bcff0 9132       1       org.hibernate.type.descriptor.java.MutableMutabilityPlan::instance (4 bytes)
Event: 6.954 Thread 0x000001175b2bcff0 nmethod 9132 0x0000011746d3b210 code [0x0000011746d3b3a0, 0x0000011746d3b458]
Event: 6.974 Thread 0x000001175d226e50 9133       1       net.bytebuddy.jar.asm.SymbolTable::addConstantIntegerOrFloat (100 bytes)
Event: 6.974 Thread 0x000001175600ac40 9134       1       net.bytebuddy.jar.asm.SymbolTable::hash (7 bytes)
Event: 6.974 Thread 0x000001175600ac40 nmethod 9134 0x0000011746d3b510 code [0x0000011746d3b6a0, 0x0000011746d3b758]
Event: 6.974 Thread 0x000001175d226e50 nmethod 9133 0x0000011746d3b810 code [0x0000011746d3b9e0, 0x0000011746d3bd18]
Event: 7.026 Thread 0x000001175d226e50 9135   !   1       org.hibernate.metamodel.internal.EntityRepresentationStrategyPojoStandard::createProxyFactory (268 bytes)
Event: 7.027 Thread 0x000001175d226e50 nmethod 9135 0x0000011746d3bf90 code [0x0000011746d3c300, 0x0000011746d3d1b8]
Event: 7.028 Thread 0x000001175d226e50 9136       1       org.hibernate.mapping.PersistentClass::hasPartitionedSelectionMapping (83 bytes)
Event: 7.028 Thread 0x000001175609f6c0 9137       1       org.hibernate.mapping.PersistentClass::hasCollectionNotReferencingPK (97 bytes)
Event: 7.028 Thread 0x000001175d226e50 nmethod 9136 0x0000011746d3e010 code [0x0000011746d3e1e0, 0x0000011746d3e478]
Event: 7.029 Thread 0x000001175609f6c0 nmethod 9137 0x0000011746d3e690 code [0x0000011746d3e880, 0x0000011746d3ece8]

GC Heap History (14 events):
Event: 0.538 GC heap before
{Heap before GC invocations=0 (full 0):
 garbage-first heap   total 1048576K, used 51200K [0x0000000700000000, 0x0000000800000000)
  region size 2048K, 25 young (51200K), 0 survivors (0K)
 Metaspace       used 8846K, committed 9024K, reserved 917504K
  class space    used 1075K, committed 1152K, reserved 851968K
}
Event: 0.543 GC heap after
{Heap after GC invocations=1 (full 0):
 garbage-first heap   total 1048576K, used 10893K [0x0000000700000000, 0x0000000800000000)
  region size 2048K, 4 young (8192K), 4 survivors (8192K)
 Metaspace       used 8846K, committed 9024K, reserved 917504K
  class space    used 1075K, committed 1152K, reserved 851968K
}
Event: 0.720 GC heap before
{Heap before GC invocations=1 (full 0):
 garbage-first heap   total 1048576K, used 53901K [0x0000000700000000, 0x0000000800000000)
  region size 2048K, 25 young (51200K), 4 survivors (8192K)
 Metaspace       used 12797K, committed 13120K, reserved 917504K
  class space    used 1651K, committed 1792K, reserved 851968K
}
Event: 0.723 GC heap after
{Heap after GC invocations=2 (full 0):
 garbage-first heap   total 1048576K, used 13256K [0x0000000700000000, 0x0000000800000000)
  region size 2048K, 1 young (2048K), 1 survivors (2048K)
 Metaspace       used 12797K, committed 13120K, reserved 917504K
  class space    used 1651K, committed 1792K, reserved 851968K
}
Event: 0.971 GC heap before
{Heap before GC invocations=2 (full 0):
 garbage-first heap   total 1048576K, used 93128K [0x0000000700000000, 0x0000000800000000)
  region size 2048K, 41 young (83968K), 1 survivors (2048K)
 Metaspace       used 21099K, committed 21440K, reserved 917504K
  class space    used 2862K, committed 3008K, reserved 851968K
}
Event: 0.974 GC heap after
{Heap after GC invocations=3 (full 0):
 garbage-first heap   total 1048576K, used 15635K [0x0000000700000000, 0x0000000800000000)
  region size 2048K, 2 young (4096K), 2 survivors (4096K)
 Metaspace       used 21099K, committed 21440K, reserved 917504K
  class space    used 2862K, committed 3008K, reserved 851968K
}
Event: 0.976 GC heap before
{Heap before GC invocations=3 (full 0):
 garbage-first heap   total 1048576K, used 15635K [0x0000000700000000, 0x0000000800000000)
  region size 2048K, 3 young (6144K), 2 survivors (4096K)
 Metaspace       used 21172K, committed 21504K, reserved 917504K
  class space    used 2869K, committed 3008K, reserved 851968K
}
Event: 0.978 GC heap after
{Heap after GC invocations=4 (full 0):
 garbage-first heap   total 1048576K, used 15628K [0x0000000700000000, 0x0000000800000000)
  region size 2048K, 2 young (4096K), 2 survivors (4096K)
 Metaspace       used 21172K, committed 21504K, reserved 917504K
  class space    used 2869K, committed 3008K, reserved 851968K
}
Event: 2.566 GC heap before
{Heap before GC invocations=5 (full 0):
 garbage-first heap   total 1048576K, used 367884K [0x0000000700000000, 0x0000000800000000)
  region size 2048K, 175 young (358400K), 2 survivors (4096K)
 Metaspace       used 35840K, committed 36288K, reserved 917504K
  class space    used 4770K, committed 4992K, reserved 851968K
}
Event: 2.576 GC heap after
{Heap after GC invocations=6 (full 0):
 garbage-first heap   total 1048576K, used 37942K [0x0000000700000000, 0x0000000800000000)
  region size 2048K, 13 young (26624K), 13 survivors (26624K)
 Metaspace       used 35840K, committed 36288K, reserved 917504K
  class space    used 4770K, committed 4992K, reserved 851968K
}
Event: 3.897 GC heap before
{Heap before GC invocations=7 (full 0):
 garbage-first heap   total 1048576K, used 324662K [0x0000000700000000, 0x0000000800000000)
  region size 2048K, 154 young (315392K), 13 survivors (26624K)
 Metaspace       used 60230K, committed 60736K, reserved 917504K
  class space    used 7777K, committed 8000K, reserved 851968K
}
Event: 3.905 GC heap after
{Heap after GC invocations=8 (full 0):
 garbage-first heap   total 1048576K, used 47091K [0x0000000700000000, 0x0000000800000000)
  region size 2048K, 16 young (32768K), 16 survivors (32768K)
 Metaspace       used 60230K, committed 60736K, reserved 917504K
  class space    used 7777K, committed 8000K, reserved 851968K
}
Event: 6.441 GC heap before
{Heap before GC invocations=9 (full 0):
 garbage-first heap   total 1048576K, used 643059K [0x0000000700000000, 0x0000000800000000)
  region size 2048K, 307 young (628736K), 16 survivors (32768K)
 Metaspace       used 82838K, committed 83456K, reserved 983040K
  class space    used 10518K, committed 10816K, reserved 851968K
}
Event: 6.468 GC heap after
{Heap after GC invocations=10 (full 0):
 garbage-first heap   total 1048576K, used 111085K [0x0000000700000000, 0x0000000800000000)
  region size 2048K, 39 young (79872K), 39 survivors (79872K)
 Metaspace       used 82838K, committed 83456K, reserved 983040K
  class space    used 10518K, committed 10816K, reserved 851968K
}

Deoptimization events (20 events):
Event: 7.026 Thread 0x000001173e1acc90 DEOPT PACKING pc=0x0000011745e9d87c sp=0x0000000e8e0fc600
Event: 7.026 Thread 0x000001173e1acc90 DEOPT UNPACKING pc=0x0000011745ab2b43 sp=0x0000000e8e0fbaa8 mode 1
Event: 7.026 Thread 0x000001173e1acc90 DEOPT PACKING pc=0x0000011746c8f1cc sp=0x0000000e8e0fc650
Event: 7.026 Thread 0x000001173e1acc90 DEOPT UNPACKING pc=0x0000011745ab2b43 sp=0x0000000e8e0fbcc8 mode 1
Event: 7.028 Thread 0x000001173e1acc90 DEOPT PACKING pc=0x0000011745eb05e4 sp=0x0000000e8e0fc580
Event: 7.028 Thread 0x000001173e1acc90 DEOPT UNPACKING pc=0x0000011745ab2b43 sp=0x0000000e8e0fba18 mode 1
Event: 7.028 Thread 0x000001173e1acc90 DEOPT PACKING pc=0x0000011745e9d87c sp=0x0000000e8e0fc650
Event: 7.028 Thread 0x000001173e1acc90 DEOPT UNPACKING pc=0x0000011745ab2b43 sp=0x0000000e8e0fbaf8 mode 1
Event: 7.028 Thread 0x000001173e1acc90 DEOPT PACKING pc=0x0000011746c8f1cc sp=0x0000000e8e0fc6a0
Event: 7.028 Thread 0x000001173e1acc90 DEOPT UNPACKING pc=0x0000011745ab2b43 sp=0x0000000e8e0fbcf8 mode 1
Event: 7.028 Thread 0x000001173e1acc90 DEOPT PACKING pc=0x0000011746d21e1c sp=0x0000000e8e0fc5f0
Event: 7.028 Thread 0x000001173e1acc90 DEOPT UNPACKING pc=0x0000011745ab2b43 sp=0x0000000e8e0fbcb8 mode 1
Event: 7.028 Thread 0x000001173e1acc90 DEOPT PACKING pc=0x0000011746d32ee4 sp=0x0000000e8e0fc8c0
Event: 7.028 Thread 0x000001173e1acc90 DEOPT UNPACKING pc=0x0000011745ab2b43 sp=0x0000000e8e0fbfc0 mode 1
Event: 7.029 Thread 0x000001173e1acc90 DEOPT PACKING pc=0x0000011745eb05e4 sp=0x0000000e8e0fc400
Event: 7.029 Thread 0x000001173e1acc90 DEOPT UNPACKING pc=0x0000011745ab2b43 sp=0x0000000e8e0fb898 mode 1
Event: 7.029 Thread 0x000001173e1acc90 DEOPT PACKING pc=0x0000011745e9d87c sp=0x0000000e8e0fc4d0
Event: 7.029 Thread 0x000001173e1acc90 DEOPT UNPACKING pc=0x0000011745ab2b43 sp=0x0000000e8e0fb978 mode 1
Event: 7.029 Thread 0x000001173e1acc90 DEOPT PACKING pc=0x0000011746c8f1cc sp=0x0000000e8e0fc520
Event: 7.029 Thread 0x000001173e1acc90 DEOPT UNPACKING pc=0x0000011745ab2b43 sp=0x0000000e8e0fbb98 mode 1

Classes unloaded (0 events):
No events

Classes redefined (0 events):
No events

Internal exceptions (20 events):
Event: 3.440 Thread 0x000001173e1acc90 Exception <a 'java/lang/NoSuchMethodError'{0x00000007348e3440}: 'int java.lang.invoke.DirectMethodHandle$Holder.invokeInterface(java.lang.Object, java.lang.Object, int)'> (0x00000007348e3440) 
thrown [s\open\src\hotspot\share\interpreter\linkResolver.cpp, line 759]
Event: 3.440 Thread 0x000001173e1acc90 Exception <a 'java/lang/IncompatibleClassChangeError'{0x00000007348e6cc8}: Found class java.lang.Object, but interface was expected> (0x00000007348e6cc8) 
thrown [s\open\src\hotspot\share\interpreter\linkResolver.cpp, line 826]
Event: 3.553 Thread 0x000001173e1acc90 Exception <a 'java/lang/NoSuchMethodError'{0x00000007335cc670}: 'java.lang.Object java.lang.invoke.DirectMethodHandle$Holder.invokeStaticInit(java.lang.Object, java.lang.Object, java.lang.Object, java.lang.Object)'> (0x00000007335cc670) 
thrown [s\open\src\hotspot\share\interpreter\linkResolver.cpp, line 759]
Event: 3.563 Thread 0x0000011756cf80b0 Exception <a 'java/lang/reflect/InvocationTargetException'{0x0000000739f06c60}> (0x0000000739f06c60) 
thrown [s\open\src\hotspot\share\runtime\reflection.cpp, line 1121]
Event: 3.584 Thread 0x000001173e1acc90 Exception <a 'java/lang/NoSuchMethodError'{0x0000000732f72438}: 'java.lang.Object java.lang.invoke.DirectMethodHandle$Holder.newInvokeSpecial(java.lang.Object, java.lang.Object, java.lang.Object, java.lang.Object, java.lang.Object, int, java.lang.Object)'> (0x0000000732f72438) 
thrown [s\open\src\hotspot\share\interpreter\linkResolver.cpp, line 759]
Event: 3.594 Thread 0x0000011756cf9a00 Exception <a 'java/lang/NoSuchMethodError'{0x0000000734101190}: 'int java.lang.invoke.DirectMethodHandle$Holder.invokeStatic(java.lang.Object, int, java.lang.Object)'> (0x0000000734101190) 
thrown [s\open\src\hotspot\share\interpreter\linkResolver.cpp, line 759]
Event: 4.065 Thread 0x0000011756cf80b0 Exception <a 'java/lang/reflect/InvocationTargetException'{0x000000073e102770}> (0x000000073e102770) 
thrown [s\open\src\hotspot\share\runtime\reflection.cpp, line 1121]
Event: 4.351 Thread 0x000001173e1acc90 Exception <a 'java/lang/NoSuchMethodError'{0x000000073a263970}: 'java.lang.Object java.lang.invoke.DirectMethodHandle$Holder.invokeSpecial(java.lang.Object, java.lang.Object, int, java.lang.Object, int)'> (0x000000073a263970) 
thrown [s\open\src\hotspot\share\interpreter\linkResolver.cpp, line 759]
Event: 4.617 Thread 0x0000011756cf80b0 Exception <a 'java/lang/reflect/InvocationTargetException'{0x000000073e1060c8}> (0x000000073e1060c8) 
thrown [s\open\src\hotspot\share\runtime\reflection.cpp, line 1121]
Event: 5.119 Thread 0x0000011756cf80b0 Exception <a 'java/lang/reflect/InvocationTargetException'{0x000000073e1097d8}> (0x000000073e1097d8) 
thrown [s\open\src\hotspot\share\runtime\reflection.cpp, line 1121]
Event: 5.365 Thread 0x000001173e1acc90 Exception <a 'java/lang/NoSuchMethodError'{0x000000072a76fd08}: 'void java.lang.invoke.DirectMethodHandle$Holder.invokeSpecial(java.lang.Object, java.lang.Object, int, java.lang.Object)'> (0x000000072a76fd08) 
thrown [s\open\src\hotspot\share\interpreter\linkResolver.cpp, line 759]
Event: 5.365 Thread 0x000001173e1acc90 Exception <a 'java/lang/NoSuchMethodError'{0x000000072a776428}: 'java.lang.Object java.lang.invoke.DirectMethodHandle$Holder.newInvokeSpecial(java.lang.Object, java.lang.Object, int)'> (0x000000072a776428) 
thrown [s\open\src\hotspot\share\interpreter\linkResolver.cpp, line 759]
Event: 5.372 Thread 0x000001173e1acc90 Exception <a 'java/lang/NoSuchMethodError'{0x000000072a473b28}: 'java.lang.Object java.lang.invoke.DirectMethodHandle$Holder.newInvokeSpecial(java.lang.Object, java.lang.Object, java.lang.Object, int, java.lang.Object, java.lang.Object)'> (0x000000072a473b28) 
thrown [s\open\src\hotspot\share\interpreter\linkResolver.cpp, line 759]
Event: 5.372 Thread 0x000001173e1acc90 Exception <a 'java/lang/NoSuchMethodError'{0x000000072a477e98}: 'java.lang.Object java.lang.invoke.DirectMethodHandle$Holder.invokeSpecial(java.lang.Object, java.lang.Object, java.lang.Object, java.lang.Object, int, java.lang.Object, java.lang.Object)'> (0x000000072a477e98) 
thrown [s\open\src\hotspot\share\interpreter\linkResolver.cpp, line 759]
Event: 5.621 Thread 0x0000011756cf80b0 Exception <a 'java/lang/reflect/InvocationTargetException'{0x000000073e10cee8}> (0x000000073e10cee8) 
thrown [s\open\src\hotspot\share\runtime\reflection.cpp, line 1121]
Event: 5.778 Thread 0x000001173e1acc90 Exception <a 'java/lang/IncompatibleClassChangeError'{0x0000000724fd6088}: Found class java.lang.Object, but interface was expected> (0x0000000724fd6088) 
thrown [s\open\src\hotspot\share\interpreter\linkResolver.cpp, line 826]
Event: 5.787 Thread 0x000001173e1acc90 Exception <a 'java/lang/NoSuchMethodError'{0x0000000724a09538}: 'java.lang.Object java.lang.invoke.DirectMethodHandle$Holder.invokeStatic(java.lang.Object, java.lang.Object, int, java.lang.Object)'> (0x0000000724a09538) 
thrown [s\open\src\hotspot\share\interpreter\linkResolver.cpp, line 759]
Event: 5.787 Thread 0x000001173e1acc90 Exception <a 'java/lang/NoSuchMethodError'{0x0000000724a0cfd0}: 'java.lang.Object java.lang.invoke.DirectMethodHandle$Holder.invokeStaticInit(java.lang.Object, java.lang.Object, int, java.lang.Object)'> (0x0000000724a0cfd0) 
thrown [s\open\src\hotspot\share\interpreter\linkResolver.cpp, line 759]
Event: 6.124 Thread 0x0000011756cf80b0 Exception <a 'java/lang/reflect/InvocationTargetException'{0x000000073e1105f8}> (0x000000073e1105f8) 
thrown [s\open\src\hotspot\share\runtime\reflection.cpp, line 1121]
Event: 6.626 Thread 0x0000011756cf80b0 Exception <a 'java/lang/reflect/InvocationTargetException'{0x000000073b601b90}> (0x000000073b601b90) 
thrown [s\open\src\hotspot\share\runtime\reflection.cpp, line 1121]

VM Operations (20 events):
Event: 5.372 Executing VM operation: HandshakeAllThreads
Event: 5.372 Executing VM operation: HandshakeAllThreads done
Event: 5.457 Executing VM operation: ICBufferFull
Event: 5.457 Executing VM operation: ICBufferFull done
Event: 5.567 Executing VM operation: HandshakeAllThreads
Event: 5.567 Executing VM operation: HandshakeAllThreads done
Event: 5.745 Executing VM operation: HandshakeAllThreads
Event: 5.745 Executing VM operation: HandshakeAllThreads done
Event: 5.999 Executing VM operation: HandshakeAllThreads
Event: 5.999 Executing VM operation: HandshakeAllThreads done
Event: 6.015 Executing VM operation: HandshakeAllThreads
Event: 6.015 Executing VM operation: HandshakeAllThreads done
Event: 6.098 Executing VM operation: ICBufferFull
Event: 6.098 Executing VM operation: ICBufferFull done
Event: 6.150 Executing VM operation: ICBufferFull
Event: 6.150 Executing VM operation: ICBufferFull done
Event: 6.234 Executing VM operation: ICBufferFull
Event: 6.234 Executing VM operation: ICBufferFull done
Event: 6.441 Executing VM operation: G1CollectForAllocation
Event: 6.468 Executing VM operation: G1CollectForAllocation done

Events (20 events):
Event: 5.354 loading class java/util/stream/ReduceOps$1
Event: 5.354 loading class java/util/stream/ReduceOps$1 done
Event: 5.354 loading class java/util/stream/ReduceOps$1ReducingSink
Event: 5.355 loading class java/util/stream/ReduceOps$1ReducingSink done
Event: 5.696 loading class javax/naming/RefAddr
Event: 5.696 loading class javax/naming/RefAddr done
Event: 5.696 loading class javax/naming/StringRefAddr
Event: 5.696 loading class javax/naming/StringRefAddr done
Event: 5.720 loading class java/util/concurrent/CompletableFuture$AltResult
Event: 5.720 loading class java/util/concurrent/CompletableFuture$AltResult done
Event: 5.720 loading class java/util/concurrent/CompletableFuture$Completion
Event: 5.721 loading class java/util/concurrent/CompletableFuture$AsynchronousCompletionTask
Event: 5.721 loading class java/util/concurrent/CompletableFuture$AsynchronousCompletionTask done
Event: 5.721 loading class java/util/concurrent/CompletableFuture$Completion done
Event: 5.930 loading class java/util/concurrent/CancellationException
Event: 5.930 loading class java/util/concurrent/CancellationException done
Event: 6.060 loading class java/lang/reflect/AnnotatedArrayType
Event: 6.060 loading class java/lang/reflect/AnnotatedArrayType done
Event: 6.269 loading class sun/reflect/generics/tree/DoubleSignature
Event: 6.269 loading class sun/reflect/generics/tree/DoubleSignature done


Dynamic libraries:
0x00007ff671890000 - 0x00007ff6718a0000 	C:\Program Files\Java\jdk-17\bin\javaw.exe
0x00007fff467f0000 - 0x00007fff46a07000 	C:\Windows\SYSTEM32\ntdll.dll
0x00007fff45140000 - 0x00007fff45204000 	C:\Windows\System32\KERNEL32.DLL
0x00007fff43f00000 - 0x00007fff442ad000 	C:\Windows\System32\KERNELBASE.dll
0x00007fff44370000 - 0x00007fff44481000 	C:\Windows\System32\ucrtbase.dll
0x00007fff3ca30000 - 0x00007fff3ca4b000 	C:\Program Files\Java\jdk-17\bin\VCRUNTIME140.dll
0x00007fff3b080000 - 0x00007fff3b099000 	C:\Program Files\Java\jdk-17\bin\jli.dll
0x00007fff45210000 - 0x00007fff452c2000 	C:\Windows\System32\ADVAPI32.dll
0x00007fff44d90000 - 0x00007fff44e37000 	C:\Windows\System32\msvcrt.dll
0x00007fff46650000 - 0x00007fff466f9000 	C:\Windows\System32\sechost.dll
0x00007fff43b20000 - 0x00007fff43b48000 	C:\Windows\System32\bcrypt.dll
0x00007fff44e50000 - 0x00007fff44f64000 	C:\Windows\System32\RPCRT4.dll
0x00007fff44590000 - 0x00007fff4473e000 	C:\Windows\System32\USER32.dll
0x00007fff44500000 - 0x00007fff44526000 	C:\Windows\System32\win32u.dll
0x00007fff2ae50000 - 0x00007fff2b0e3000 	C:\Windows\WinSxS\amd64_microsoft.windows.common-controls_6595b64144ccf1df_6.0.22621.3672_none_2713b9d173822955\COMCTL32.dll
0x00007fff452d0000 - 0x00007fff452f9000 	C:\Windows\System32\GDI32.dll
0x00007fff43cc0000 - 0x00007fff43dd9000 	C:\Windows\System32\gdi32full.dll
0x00007fff43de0000 - 0x00007fff43e7a000 	C:\Windows\System32\msvcp_win.dll
0x00007fff3b270000 - 0x00007fff3b27a000 	C:\Windows\SYSTEM32\VERSION.dll
0x00007fff464d0000 - 0x00007fff46501000 	C:\Windows\System32\IMM32.DLL
0x00007fff3e630000 - 0x00007fff3e63c000 	C:\Program Files\Java\jdk-17\bin\vcruntime140_1.dll
0x00007fff26500000 - 0x00007fff2658e000 	C:\Program Files\Java\jdk-17\bin\msvcp140.dll
0x00007ffef5e10000 - 0x00007ffef69f0000 	C:\Program Files\Java\jdk-17\bin\server\jvm.dll
0x00007fff45c90000 - 0x00007fff45c98000 	C:\Windows\System32\PSAPI.DLL
0x00007fff2a190000 - 0x00007fff2a199000 	C:\Windows\SYSTEM32\WSOCK32.dll
0x00007fff3ae40000 - 0x00007fff3ae74000 	C:\Windows\SYSTEM32\WINMM.dll
0x00007fff45c10000 - 0x00007fff45c81000 	C:\Windows\System32\WS2_32.dll
0x00007fff42bb0000 - 0x00007fff42bc8000 	C:\Windows\SYSTEM32\kernel.appcore.dll
0x00007fff394d0000 - 0x00007fff394da000 	C:\Program Files\Java\jdk-17\bin\jimage.dll
0x00007fff40ce0000 - 0x00007fff40f12000 	C:\Windows\SYSTEM32\DBGHELP.DLL
0x00007fff46120000 - 0x00007fff464a8000 	C:\Windows\System32\combase.dll
0x00007fff46510000 - 0x00007fff465e7000 	C:\Windows\System32\OLEAUT32.dll
0x00007fff216e0000 - 0x00007fff21712000 	C:\Windows\SYSTEM32\dbgcore.DLL
0x00007fff43e80000 - 0x00007fff43efb000 	C:\Windows\System32\bcryptPrimitives.dll
0x00007fff2ed80000 - 0x00007fff2edbb000 	C:\Program Files\Java\jdk-17\bin\jdwp.dll
0x00007fff394c0000 - 0x00007fff394ce000 	C:\Program Files\Java\jdk-17\bin\instrument.dll
0x00007fff26920000 - 0x00007fff26945000 	C:\Program Files\Java\jdk-17\bin\java.dll
0x00007fff03480000 - 0x00007fff03557000 	C:\Program Files\Java\jdk-17\bin\jsvml.dll
0x00007fff453b0000 - 0x00007fff45c0f000 	C:\Windows\System32\SHELL32.dll
0x00007fff41a20000 - 0x00007fff4231c000 	C:\Windows\SYSTEM32\windows.storage.dll
0x00007fff418e0000 - 0x00007fff41a1f000 	C:\Windows\SYSTEM32\wintypes.dll
0x00007fff44980000 - 0x00007fff44a74000 	C:\Windows\System32\SHCORE.dll
0x00007fff44530000 - 0x00007fff4458e000 	C:\Windows\System32\shlwapi.dll
0x00007fff43a50000 - 0x00007fff43a71000 	C:\Windows\SYSTEM32\profapi.dll
0x00007fff394b0000 - 0x00007fff394bc000 	C:\Program Files\Java\jdk-17\bin\dt_socket.dll
0x00007fff42580000 - 0x00007fff425ad000 	C:\Windows\SYSTEM32\IPHLPAPI.DLL
0x00007fff43060000 - 0x00007fff430c9000 	C:\Windows\system32\mswsock.dll
0x00007fff425b0000 - 0x00007fff426a8000 	C:\Windows\SYSTEM32\DNSAPI.dll
0x00007fff447b0000 - 0x00007fff447b9000 	C:\Windows\System32\NSI.dll
0x00007fff3b850000 - 0x00007fff3b85a000 	C:\Windows\System32\rasadhlp.dll
0x00007fff3c320000 - 0x00007fff3c3a3000 	C:\Windows\System32\fwpuclnt.dll
0x00007fff2ec40000 - 0x00007fff2ec58000 	C:\Program Files\Java\jdk-17\bin\zip.dll
0x00007fff2e9d0000 - 0x00007fff2e9e9000 	C:\Program Files\Java\jdk-17\bin\net.dll
0x00007fff3f170000 - 0x00007fff3f2a6000 	C:\Windows\SYSTEM32\WINHTTP.dll
0x00007fff2b1c0000 - 0x00007fff2b1d6000 	C:\Program Files\Java\jdk-17\bin\nio.dll
0x00007fff2ed60000 - 0x00007fff2ed6a000 	C:\Program Files\Java\jdk-17\bin\management.dll
0x00007fff2ebe0000 - 0x00007fff2ebeb000 	C:\Program Files\Java\jdk-17\bin\management_ext.dll
0x00007fff18c20000 - 0x00007fff18c37000 	C:\Windows\system32\napinsp.dll
0x00007fff18c00000 - 0x00007fff18c1b000 	C:\Windows\system32\pnrpnsp.dll
0x00007fff18be0000 - 0x00007fff18bf1000 	C:\Windows\System32\winrnr.dll
0x00007fff3b200000 - 0x00007fff3b215000 	C:\Windows\system32\wshbth.dll
0x00007fff18bb0000 - 0x00007fff18bd7000 	C:\Windows\system32\nlansp_c.dll
0x00007fff433b0000 - 0x00007fff433cb000 	C:\Windows\SYSTEM32\CRYPTSP.dll
0x00007fff42ae0000 - 0x00007fff42b15000 	C:\Windows\system32\rsaenh.dll
0x00007fff43100000 - 0x00007fff43128000 	C:\Windows\SYSTEM32\USERENV.dll
0x00007fff43390000 - 0x00007fff4339c000 	C:\Windows\SYSTEM32\CRYPTBASE.dll
0x00007fff3eac0000 - 0x00007fff3ead9000 	C:\Windows\SYSTEM32\dhcpcsvc6.DLL
0x00007fff3eaa0000 - 0x00007fff3eabf000 	C:\Windows\SYSTEM32\dhcpcsvc.DLL
0x00007fff2eac0000 - 0x00007fff2ead0000 	C:\Program Files\Java\jdk-17\bin\verify.dll
0x00007fff2ea80000 - 0x00007fff2ea8e000 	C:\Program Files\Java\jdk-17\bin\sunmscapi.dll
0x00007fff43b50000 - 0x00007fff43cb7000 	C:\Windows\System32\CRYPT32.dll
0x00007fff434b0000 - 0x00007fff434de000 	C:\Windows\SYSTEM32\ncrypt.dll
0x00007fff43470000 - 0x00007fff434a7000 	C:\Windows\SYSTEM32\NTASN1.dll

dbghelp: loaded successfully - version: 4.0.5 - missing functions: none
symbol engine: initialized successfully - sym options: 0x614 - pdb path: .;C:\Program Files\Java\jdk-17\bin;C:\Windows\SYSTEM32;C:\Windows\WinSxS\amd64_microsoft.windows.common-controls_6595b64144ccf1df_6.0.22621.3672_none_2713b9d173822955;C:\Program Files\Java\jdk-17\bin\server

VM Arguments:
jvm_args: -Dfile.encoding-UTF8 -XX:+ShowCodeDetailsInExceptionMessages -agentlib:jdwp=transport=dt_socket,suspend=y,address=localhost:53444 -Dcom.sun.management.jmxremote -Dcom.sun.management.jmxremote.port=53443 -Dcom.sun.management.jmxremote.authenticate=false -Dcom.sun.management.jmxremote.ssl=false -Djava.rmi.server.hostname=localhost -Dspring.jmx.enabled=true -Dmanagement.endpoints.jmx.exposure.include=* -Dspring.application.admin.enabled=true -Xms1g -Xmx4g -XX:MaxMetaspaceSize=1024m -Dspring.output.ansi.enabled=always -XX:TieredStopAtLevel=1 -Dspring.boot.project.name=asm_gstn_return_db_store6_pre -javaagent:D:\Project\sts-5.0.1.RELEASE\configuration\org.eclipse.osgi\280\0\.cp\lib\javaagent-shaded.jar -Dfile.encoding=UTF-8 -Dstdout.encoding=UTF-8 -Dstderr.encoding=UTF-8 
java_command: com.deloitte.AsmEwayBillApplication
java_class_path (initial): D:\Project\workspace\workspace280126\asm_gstn_return_db_store6_pre\target\classes;C:\Users\AIO16\.m2\repository\org\springframework\boot\spring-boot-starter-data-jpa\4.0.3\spring-boot-starter-data-jpa-4.0.3.jar;C:\Users\AIO16\.m2\repository\org\springframework\boot\spring-boot-starter\4.0.3\spring-boot-starter-4.0.3.jar;C:\Users\AIO16\.m2\repository\org\springframework\boot\spring-boot-starter-logging\4.0.3\spring-boot-starter-logging-4.0.3.jar;C:\Users\AIO16\.m2\repository\ch\qos\logback\logback-classic\1.5.32\logback-classic-1.5.32.jar;C:\Users\AIO16\.m2\repository\ch\qos\logback\logback-core\1.5.32\logback-core-1.5.32.jar;C:\Users\AIO16\.m2\repository\org\apache\logging\log4j\log4j-to-slf4j\2.25.3\log4j-to-slf4j-2.25.3.jar;C:\Users\AIO16\.m2\repository\org\slf4j\jul-to-slf4j\2.0.17\jul-to-slf4j-2.0.17.jar;C:\Users\AIO16\.m2\repository\org\springframework\boot\spring-boot-autoconfigure\4.0.3\spring-boot-autoconfigure-4.0.3.jar;C:\Users\AIO16\.m2\repository\jakarta\annotation\jakarta.annotation-api\3.0.0\jakarta.annotation-api-3.0.0.jar;C:\Users\AIO16\.m2\repository\org\yaml\snakeyaml\2.5\snakeyaml-2.5.jar;C:\Users\AIO16\.m2\repository\org\springframework\boot\spring-boot-starter-jdbc\4.0.3\spring-boot-starter-jdbc-4.0.3.jar;C:\Users\AIO16\.m2\repository\com\zaxxer\HikariCP\7.0.2\HikariCP-7.0.2.jar;C:\Users\AIO16\.m2\repository\org\springframework\boot\spring-boot-data-jpa\4.0.3\spring-boot-data-jpa-4.0.3.jar;C:\Users\AIO16\.m2\repository\org\springframework\boot\spring-boot-data-commons\4.0.3\spring-boot-data-commons-4.0.3.jar;C:\Users\AIO16\.m2\repository\org\springframework\boot\spring-boot-persistence\4.0.3\spring-boot-persistence-4.0.3.jar;C:\Users\AIO16\.m2\repository\org\springframework\data\spring-data-commons\4.0.3\spring-data-commons-4.0.3.jar;C:\Users\AIO16\.m2\repository\org\springframework\boot\spring-boot-hibernate\4.0.3\spring-boot-hibernate-4.0.3.jar;C:\Users\AIO16\.m2\repository\org\springframework\boot\spring-boot-jpa\
Launcher Type: SUN_STANDARD

[Global flags]
     intx CICompilerCount                          = 12                                        {product} {ergonomic}
   size_t CompressedClassSpaceSize                 = 872415232                                 {product} {ergonomic}
     uint ConcGCThreads                            = 4                                         {product} {ergonomic}
     uint G1ConcRefinementThreads                  = 15                                        {product} {ergonomic}
   size_t G1HeapRegionSize                         = 2097152                                   {product} {ergonomic}
    uintx GCDrainStackTargetSize                   = 64                                        {product} {ergonomic}
   size_t InitialHeapSize                          = 1073741824                                {product} {command line}
     bool ManagementServer                         = true                                      {product} {command line}
   size_t MarkStackSize                            = 4194304                                   {product} {ergonomic}
   size_t MaxHeapSize                              = 4294967296                                {product} {command line}
   size_t MaxMetaspaceSize                         = 1073741824                                {product} {command line}
   size_t MaxNewSize                               = 2575302656                                {product} {ergonomic}
   size_t MinHeapDeltaBytes                        = 2097152                                   {product} {ergonomic}
   size_t MinHeapSize                              = 1073741824                                {product} {command line}
    uintx NonProfiledCodeHeapSize                  = 0                                      {pd product} {ergonomic}
     bool ProfileInterpreter                       = false                                  {pd product} {command line}
    uintx ProfiledCodeHeapSize                     = 0                                      {pd product} {ergonomic}
     bool ShowCodeDetailsInExceptionMessages       = true                                   {manageable} {command line}
   size_t SoftMaxHeapSize                          = 4294967296                             {manageable} {ergonomic}
     intx TieredStopAtLevel                        = 1                                         {product} {command line}
     bool UseCompressedClassPointers               = true                           {product lp64_product} {ergonomic}
     bool UseCompressedOops                        = true                           {product lp64_product} {ergonomic}
     bool UseG1GC                                  = true                                      {product} {ergonomic}
     bool UseLargePagesIndividualAllocation        = false                                  {pd product} {ergonomic}

Logging:
Log output configuration:
 #0: stdout all=warning uptime,level,tags
 #1: stderr all=off uptime,level,tags

Environment Variables:
JAVA_HOME=C:\Program Files\Java\jdk1.8.0_202
JAVA_TOOL_OPTIONS=-Dfile.encoding-UTF8
PATH=D:/Project/sts-5.0.1.RELEASE//plugins/org.eclipse.justj.openjdk.hotspot.jre.full.win32.x86_64_25.0.1.v20251108-1451/jre/bin/server;D:/Project/sts-5.0.1.RELEASE//plugins/org.eclipse.justj.openjdk.hotspot.jre.full.win32.x86_64_25.0.1.v20251108-1451/jre/bin;C:\Program Files\Apache\Maven\apache-maven-3.9.14\bin;C:\Program Files\Java\jdk-17;C:\Program Files\Common Files\Oracle\Java\javapath;C:\Program Files (x86)\Common Files\Oracle\Java\java8path;C:\Program Files (x86)\Common Files\Oracle\Java\javapath;C:\Windows\system32;C:\Windows;C:\Windows\System32\Wbem;C:\Windows\System32\WindowsPowerShell\v1.0\;C:\Windows\System32\OpenSSH\;C:\Program Files\dotnet\;C:\Program Files\Git\cmd;C:\Program Files\nodejs\;C:\Users\AIO16\AppData\Local\Microsoft\WindowsApps;C:\Users\AIO16\AppData\Local\Programs\Microsoft VS Code\bin;C:\Users\AIO16\AppData\Local\GitHubDesktop\bin;C:\Users\AIO16\AppData\Roaming\npm;D:\Project\sts-5.0.1.RELEASE;
USERNAME=AIO16
OS=Windows_NT
PROCESSOR_IDENTIFIER=Intel64 Family 6 Model 191 Stepping 2, GenuineIntel



---------------  S Y S T E M  ---------------

OS:
 Windows 11 , 64 bit Build 22621 (10.0.22621.3672)
OS uptime: 16 days 3:11 hours
Hyper-V role detected

CPU: total 20 (initial active 20) (10 cores per cpu, 2 threads per core) family 6 model 191 stepping 2 microcode 0x3e, cx8, cmov, fxsr, ht, mmx, 3dnowpref, sse, sse2, sse3, ssse3, sse4.1, sse4.2, popcnt, lzcnt, tsc, tscinvbit, avx, avx2, aes, erms, clmul, bmi1, bmi2, adx, sha, fma, vzeroupper, clflush, clflushopt, clwb, hv

Memory: 4k page, system-wide physical 16072M (439M free)
TotalPageFile size 32456M (AvailPageFile size 0M)
current process WorkingSet (physical memory assigned to process): 946M, peak: 946M
current process commit charge ("private bytes"): 1308M, peak: 1308M

vm_info: Java HotSpot(TM) 64-Bit Server VM (17.0.12+8-LTS-286) for windows-amd64 JRE (17.0.12+8-LTS-286), built on Jun  5 2024 06:46:59 by "mach5one" with MS VC++ 17.6 (VS2022)

END.
